user_id,gender,dob,location,device_type,preferred_language,signup_date,registration_status,loyalty_program_member,account_status,acquisition_channel
U1000,female,2002-12-27,North Judithbury,desktop,English,2025-03-14 08:14:14,guest,no,active,organic
U1001,female,1968-12-20,Lake Joyside,desktop,German,2025-02-15 21:09:51,registered,no,suspended,email
U1002,female,1999-08-28,Johnsonland,desktop,German,2025-03-13 10:55:36,pending,no,inactive,organic
U1003,female,1975-04-22,New Jamesside,tablet,German,2025-04-21 11:06:14,registered,no,suspended,referral
U1004,male,1974-06-23,Lawrencetown,tablet,English,2025-03-02 00:03:58,registered,yes,active,email
U1005,female,2006-12-25,Petersonberg,desktop,Spanish,2025-03-12 19:26:05,guest,no,active,social
U1006,female,1982-05-19,North Noahstad,tablet,English,2025-04-06 18:56:59,pending,no,active,social
U1007,female,2000-07-22,Lindsaymouth,desktop,English,2025-05-14 03:00:14,pending,yes,inactive,paid
U1008,female,1967-12-20,Millerport,desktop,French,2025-05-30 02:30:39,guest,yes,inactive,email
U1009,female,1984-01-31,Lake Chad,mobile,German,2025-03-15 06:04:58,guest,yes,inactive,paid
U1010,female,1979-03-02,Port Jesseville,desktop,English,2025-04-13 19:30:59,pending,yes,suspended,referral
U1011,female,1978-05-23,Reidstad,tablet,English,2025-03-02 14:01:22,pending,yes,inactive,referral
U1012,female,1984-08-30,Jasonview,desktop,German,2025-02-12 20:45:35,guest,no,active,organic
U1013,female,2000-12-04,New Jessica,mobile,German,2025-03-02 17:30:38,pending,yes,active,paid
U1014,male,1990-12-06,Nelsonside,mobile,Spanish,2025-03-13 15:28:51,guest,yes,active,paid
U1015,male,2006-01-23,Meganton,tablet,French,2025-03-15 11:26:28,guest,yes,inactive,organic
U1016,female,1961-08-28,Richardland,mobile,Spanish,2025-03-11 23:15:04,registered,yes,active,social
U1017,female,1998-01-26,Jasonfort,desktop,French,2025-04-16 19:46:41,registered,no,suspended,email
U1018,female,2003-03-22,Thomasberg,tablet,German,2025-03-18 21:22:02,pending,no,suspended,referral
U1019,female,1997-09-03,Juliechester,desktop,English,2025-05-23 07:27:37,guest,yes,inactive,paid
U1020,male,1986-08-27,Jeffreyberg,mobile,Spanish,2025-05-08 22:33:52,pending,yes,inactive,referral
U1021,male,1993-01-21,Port Brandonville,desktop,Spanish,2025-02-28 16:17:31,registered,no,inactive,paid
U1022,male,2002-03-04,Port Erin,tablet,English,2025-05-25 19:28:03,guest,no,active,paid
U1023,male,1963-10-18,Jamesmouth,mobile,French,2025-05-12 17:51:05,registered,yes,active,paid
U1024,female,1976-07-31,Lake Jenniferside,tablet,Spanish,2025-03-22 19:29:43,registered,yes,active,social
U1025,male,2003-02-03,Danielchester,mobile,Spanish,2025-03-01 17:04:06,registered,yes,active,social
U1026,male,1990-05-08,Lake Nancyview,mobile,French,2025-05-07 04:54:01,registered,yes,active,organic
U1027,male,1971-08-19,Port Colleenhaven,mobile,English,2025-05-28 06:00:24,guest,yes,inactive,paid
U1028,male,1973-01-03,West Kathryn,mobile,English,2025-05-14 17:41:18,registered,yes,active,organic
U1029,male,1995-07-26,New Mariotown,mobile,English,2025-02-20 17:20:28,registered,yes,inactive,referral
U1030,female,1984-03-04,Johnbury,desktop,Spanish,2025-05-20 04:04:29,guest,yes,active,email
U1031,female,1964-10-31,Lake Toddland,tablet,German,2025-05-13 10:35:26,registered,no,active,referral
U1032,male,1968-01-12,Lake Thomas,tablet,English,2025-05-16 18:16:13,guest,yes,inactive,organic
U1033,male,1970-09-17,Allisonchester,tablet,French,2025-03-12 03:03:04,registered,no,inactive,social
U1034,female,1996-03-04,Lake Larry,mobile,English,2025-04-12 12:15:56,guest,yes,active,social
U1035,female,1989-04-15,Martinezbury,desktop,French,2025-02-11 10:22:56,pending,no,inactive,paid
U1036,male,1982-06-25,New Angelashire,tablet,French,2025-03-13 18:17:14,registered,yes,suspended,social
U1037,female,1959-12-18,Lake Crystalbury,mobile,Spanish,2025-02-12 02:06:29,registered,no,inactive,social
U1038,female,1961-08-11,Chadbury,desktop,French,2025-03-25 01:47:53,registered,yes,inactive,referral
U1039,male,2004-12-30,Lewisberg,mobile,English,2025-05-20 21:15:13,guest,yes,inactive,social
U1040,female,1998-09-07,Sanchezfort,tablet,French,2025-04-19 01:02:12,registered,yes,active,email
U1041,female,1972-06-06,North Donnastad,tablet,German,2025-04-22 06:01:10,registered,no,suspended,social
U1042,male,1987-06-14,Shieldston,tablet,Spanish,2025-02-18 02:39:37,guest,yes,suspended,referral
U1043,female,1963-08-07,Chandlerville,tablet,French,2025-03-19 06:49:21,registered,no,active,organic
U1044,male,1972-07-05,New Shane,tablet,German,2025-04-21 22:06:39,pending,yes,suspended,referral
U1045,male,1971-12-17,Stevenland,tablet,English,2025-04-26 01:08:20,pending,yes,active,organic
U1046,female,1996-12-03,North Deniseside,mobile,French,2025-02-01 20:46:35,registered,no,suspended,email
U1047,male,1965-10-27,East Richard,tablet,Spanish,2025-05-03 11:17:34,guest,no,suspended,organic
U1048,female,1974-01-07,Barreraburgh,desktop,English,2025-04-13 14:08:33,pending,yes,inactive,paid
U1049,female,1959-08-15,Bakermouth,desktop,English,2025-03-26 09:21:27,registered,no,suspended,organic
U1050,female,1988-04-04,Mooreport,mobile,English,2025-03-13 06:33:34,pending,yes,suspended,paid
U1051,female,1963-06-15,Lake Leeton,desktop,French,2025-05-23 10:27:53,registered,yes,suspended,organic
U1052,female,1991-12-02,North Susan,tablet,Spanish,2025-02-14 13:20:47,pending,no,active,email
U1053,female,1972-02-13,New Carlosbury,tablet,English,2025-04-18 09:43:49,guest,no,active,email
U1054,male,1967-08-19,New Brooke,mobile,French,2025-05-30 06:31:37,registered,yes,suspended,referral
U1055,male,1965-01-19,Sandovalshire,mobile,English,2025-05-11 12:20:38,guest,no,inactive,paid
U1056,female,1981-01-01,Jamesmouth,desktop,Spanish,2025-03-17 08:21:25,registered,no,active,organic
U1057,female,1977-07-19,Andersonport,tablet,Spanish,2025-04-28 18:49:15,registered,no,active,referral
U1058,male,1980-12-27,North Stephenshire,desktop,English,2025-02-18 09:56:47,pending,no,active,organic
U1059,male,1964-06-16,New Joseph,mobile,English,2025-04-07 18:29:56,guest,no,active,organic
U1060,male,1964-02-26,West Justin,mobile,Spanish,2025-04-25 02:05:17,registered,yes,inactive,organic
U1061,female,1996-06-09,Cherylhaven,desktop,Spanish,2025-01-31 12:27:29,registered,yes,active,social
U1062,female,2004-12-02,Sarahville,tablet,English,2025-02-25 01:50:31,guest,no,suspended,social
U1063,female,1977-06-21,North Juliaberg,mobile,German,2025-03-23 21:14:04,registered,yes,inactive,referral
U1064,female,1978-08-25,Lake Matthew,desktop,German,2025-03-22 06:15:14,guest,no,inactive,paid
U1065,female,1993-11-13,Kington,tablet,English,2025-02-16 22:08:31,registered,yes,active,organic
U1066,male,2002-08-21,Calderonton,desktop,English,2025-01-30 16:31:26,pending,no,suspended,referral
U1067,female,1982-03-04,Lake Tina,desktop,English,2025-03-02 09:01:35,guest,no,suspended,referral
U1068,male,1989-07-16,Hoffmanville,tablet,English,2025-02-13 14:39:42,registered,yes,active,referral
U1069,female,2006-07-01,New Barry,desktop,Spanish,2025-04-11 16:40:16,registered,no,inactive,referral
U1070,male,1999-02-11,South David,mobile,English,2025-03-30 20:35:16,guest,no,inactive,organic
U1071,female,1984-04-15,West Jasonbury,tablet,German,2025-02-18 23:03:10,pending,no,active,paid
U1072,other,1983-07-17,Dicksonberg,mobile,German,2025-03-16 23:16:33,pending,no,active,paid
U1073,female,1970-07-14,South Angel,mobile,Spanish,2025-04-04 12:05:47,pending,no,inactive,referral
U1074,male,1987-06-29,West Erik,tablet,German,2025-02-19 23:45:43,pending,yes,inactive,referral
U1075,female,1985-07-04,Port Thomasborough,mobile,English,2025-04-29 09:10:06,registered,no,suspended,paid
U1076,female,1983-04-08,Loribury,tablet,German,2025-03-14 06:53:56,pending,yes,inactive,social
U1077,female,1961-01-31,South Mark,tablet,English,2025-02-12 11:31:26,guest,yes,suspended,paid
U1078,female,1978-06-20,Darlenefurt,tablet,English,2025-05-14 02:56:47,registered,yes,active,email
U1079,male,1982-01-03,North Natalieview,tablet,French,2025-03-05 16:11:10,registered,no,inactive,email
U1080,female,1998-12-25,Benjaminchester,desktop,English,2025-04-07 03:01:07,registered,yes,inactive,paid
U1081,male,1980-10-26,Obrienhaven,mobile,French,2025-02-21 10:56:54,registered,yes,active,referral
U1082,male,1985-09-08,West Bradley,mobile,Spanish,2025-04-24 16:10:31,guest,no,suspended,organic
U1083,female,1959-08-04,West Ryan,desktop,English,2025-04-04 02:50:37,guest,yes,inactive,social
U1084,female,2001-11-17,Elizabethville,mobile,French,2025-03-29 07:36:11,pending,yes,active,organic
U1085,male,1993-12-25,Elizabethmouth,mobile,English,2025-04-18 03:19:18,registered,yes,suspended,paid
U1086,male,2006-12-02,Angelaborough,mobile,German,2025-04-21 15:25:18,pending,yes,inactive,email
U1087,female,2004-09-20,Byrdburgh,mobile,Spanish,2025-05-29 12:30:26,registered,no,inactive,social
U1088,female,1998-03-15,Richardtown,mobile,English,2025-03-30 00:09:35,pending,yes,suspended,referral
U1089,male,1978-12-31,South Kristi,tablet,German,2025-05-27 19:14:52,guest,no,suspended,email
U1090,male,2004-01-10,Stevenmouth,desktop,Spanish,2025-03-12 11:55:14,guest,yes,suspended,organic
U1091,male,1994-04-05,Leonburgh,tablet,German,2025-02-15 11:10:33,registered,no,inactive,organic
U1092,female,1978-10-14,Clarencebury,desktop,German,2025-03-31 06:39:34,guest,no,suspended,paid
U1093,male,1974-10-05,East Andrew,desktop,German,2025-03-18 13:02:56,registered,yes,active,social
U1094,female,1991-10-22,South Robertshire,mobile,English,2025-03-08 18:08:01,guest,yes,inactive,paid
U1095,female,2006-11-10,Snyderbury,desktop,German,2025-02-27 15:43:56,pending,yes,suspended,organic
U1096,female,2004-02-13,Port Michelleville,tablet,Spanish,2025-04-22 13:19:29,pending,yes,suspended,email
U1097,female,1974-05-14,Port Susan,mobile,English,2025-05-10 13:51:29,guest,yes,suspended,organic
U1098,female,1991-02-01,New Johnville,mobile,English,2025-04-28 15:15:58,pending,yes,suspended,social
U1099,male,1968-07-19,Contrerasside,desktop,English,2025-05-25 15:00:32,registered,no,active,email
U1100,male,1981-01-24,Salazarhaven,mobile,German,2025-04-22 20:45:21,guest,yes,suspended,organic
U1101,female,1996-10-03,Merrittfort,desktop,German,2025-04-27 09:28:37,guest,no,inactive,email
U1102,male,1977-02-10,Port Dana,tablet,French,2025-05-11 05:25:59,pending,no,suspended,referral
U1103,female,1992-06-13,West Scott,mobile,Spanish,2025-03-26 11:35:22,registered,no,inactive,social
U1104,female,1975-06-07,Matthewside,tablet,English,2025-02-14 15:31:08,registered,yes,active,organic
U1105,female,1968-11-21,East Patrick,desktop,German,2025-02-28 16:07:26,guest,no,inactive,referral
U1106,female,1974-01-12,South Rickside,tablet,English,2025-04-30 11:21:52,pending,yes,inactive,email
U1107,male,1987-10-08,East Marissafurt,tablet,German,2025-05-23 10:00:26,guest,yes,suspended,paid
U1108,female,2006-10-21,Port Nicoleshire,tablet,English,2025-04-13 20:42:14,pending,yes,suspended,organic
U1109,female,1991-12-07,West Kennethfurt,tablet,English,2025-04-21 08:46:50,guest,yes,inactive,social
U1110,male,1996-02-06,South Jeffrey,desktop,English,2025-04-24 15:08:34,pending,no,inactive,referral
U1111,male,1992-07-09,South Matthewfurt,desktop,Spanish,2025-03-03 01:09:51,guest,yes,active,referral
U1112,female,1991-04-13,New Amanda,mobile,French,2025-04-16 12:16:02,pending,no,inactive,referral
U1113,male,1999-10-02,North Dawnberg,desktop,German,2025-04-29 15:40:14,registered,yes,inactive,email
U1114,female,1971-11-03,West Nicholasborough,mobile,German,2025-04-28 07:03:08,pending,no,inactive,email
U1115,female,1981-09-18,Kathleenfurt,desktop,Spanish,2025-03-25 00:46:11,registered,no,inactive,paid
U1116,female,1988-02-29,Maryfort,mobile,German,2025-02-02 18:19:57,pending,yes,suspended,paid
U1117,male,1996-03-07,West Jeffreyland,desktop,Spanish,2025-02-06 19:36:59,pending,no,inactive,organic
U1118,male,1961-08-02,East Mary,tablet,French,2025-05-30 15:38:02,guest,yes,suspended,social
U1119,male,1969-11-04,East Thomas,mobile,German,2025-02-21 05:05:36,pending,no,active,social
U1120,male,1997-11-07,South Holly,mobile,German,2025-04-11 15:10:34,pending,yes,suspended,social
U1121,female,1970-11-22,Port Loriport,desktop,German,2025-02-19 23:46:36,pending,no,inactive,email
U1122,female,1998-11-08,West Barbarafurt,tablet,German,2025-04-17 00:32:37,guest,yes,active,referral
U1123,female,1972-12-20,New Hannahbury,tablet,German,2025-02-18 18:53:40,pending,no,inactive,social
U1124,female,2006-12-01,Melissaville,tablet,German,2025-05-19 21:26:12,registered,yes,active,email
U1125,male,1962-04-08,Amandastad,tablet,German,2025-02-12 09:21:42,guest,yes,inactive,referral
U1126,female,1993-11-26,Alexanderchester,mobile,French,2025-05-05 04:30:19,guest,no,inactive,organic
U1127,male,1966-08-28,Yumouth,mobile,Spanish,2025-02-28 16:59:25,pending,yes,active,referral
U1128,female,1989-02-09,Lake Aimee,tablet,German,2025-03-23 10:40:30,registered,yes,suspended,organic
U1129,male,2001-05-21,Marshallshire,mobile,Spanish,2025-03-23 02:48:49,registered,no,inactive,email
U1130,female,1981-05-28,Port Sarah,mobile,French,2025-03-25 03:53:59,guest,yes,suspended,paid
U1131,female,1990-02-24,Port Steven,tablet,English,2025-05-28 12:21:06,registered,no,inactive,organic
U1132,male,2004-12-10,Rogersfort,tablet,German,2025-04-03 02:40:32,guest,yes,active,social
U1133,female,1971-11-06,Lewisview,mobile,German,2025-04-06 02:05:38,registered,yes,active,email
U1134,female,1978-07-03,Angelahaven,desktop,English,2025-03-08 02:23:14,pending,yes,suspended,social
U1135,male,1965-04-19,Lake Richard,tablet,German,2025-05-17 19:18:31,guest,yes,inactive,paid
U1136,male,1975-10-30,Brewerfort,tablet,French,2025-04-27 00:38:41,guest,yes,inactive,social
U1137,male,1960-08-24,West Jeffreybury,mobile,Spanish,2025-03-30 11:01:24,guest,yes,active,email
U1138,male,2004-08-27,Thomashaven,desktop,French,2025-04-06 18:01:32,pending,no,active,email
U1139,male,1988-06-05,Michaelmouth,tablet,German,2025-03-23 14:33:43,guest,yes,suspended,referral
U1140,male,1980-05-04,Jerryborough,desktop,English,2025-04-01 06:33:36,registered,yes,inactive,organic
U1141,female,1967-08-11,East Javier,tablet,German,2025-05-04 00:31:44,registered,no,suspended,paid
U1142,male,1978-04-16,Tinaborough,tablet,German,2025-03-28 12:36:30,guest,no,inactive,referral
U1143,female,1974-12-15,Harrytown,mobile,English,2025-05-13 17:14:59,registered,yes,suspended,organic
U1144,male,1968-02-02,Brandonton,mobile,German,2025-05-17 10:50:22,pending,no,active,email
U1145,female,1979-05-10,Lake Miranda,desktop,Spanish,2025-05-05 07:39:37,guest,no,active,email
U1146,female,1966-06-15,New Justinfort,desktop,Spanish,2025-04-25 12:44:00,guest,no,inactive,email
U1147,female,1982-08-29,North Johnny,mobile,French,2025-05-02 18:22:45,guest,yes,suspended,paid
U1148,male,1967-03-28,South Travisshire,desktop,English,2025-02-09 09:50:11,registered,no,suspended,organic
U1149,female,1969-10-19,Port Anna,desktop,German,2025-03-29 23:58:34,registered,no,active,email
U1150,female,1965-04-09,North Angela,tablet,German,2025-04-20 19:30:41,pending,no,suspended,email
U1151,female,2000-09-25,Port Alexandra,mobile,German,2025-04-27 11:32:58,registered,yes,inactive,social
U1152,female,1989-08-07,Michellechester,tablet,French,2025-03-30 07:10:30,registered,yes,suspended,organic
U1153,female,1998-03-03,New Susanville,desktop,English,2025-03-11 08:21:42,guest,yes,suspended,paid
U1154,male,2002-01-15,West Donna,mobile,French,2025-03-01 11:56:20,guest,no,inactive,email
U1155,male,1975-10-18,New Charles,tablet,French,2025-01-30 12:28:11,guest,no,active,paid
U1156,female,1987-04-10,Norrisfort,mobile,English,2025-03-27 13:22:00,pending,no,suspended,organic
U1157,female,1961-09-11,West Jasmine,desktop,German,2025-04-28 03:56:21,pending,yes,suspended,email
U1158,male,1964-04-26,West Kristin,mobile,English,2025-05-24 12:37:07,pending,yes,inactive,paid
U1159,female,2004-06-19,South Danny,desktop,English,2025-03-14 15:41:16,registered,yes,active,paid
U1160,female,2003-07-19,West Margaret,tablet,English,2025-02-12 20:47:38,guest,no,active,social
U1161,male,1963-07-14,Port Kyle,desktop,French,2025-05-20 12:41:49,pending,yes,active,email
U1162,female,1979-02-11,Martinezport,mobile,Spanish,2025-04-18 03:49:32,registered,yes,inactive,email
U1163,female,1977-12-31,Kimton,desktop,English,2025-04-23 21:23:58,pending,yes,inactive,organic
U1164,female,1981-05-29,Anthonybury,mobile,German,2025-05-21 16:37:19,registered,yes,inactive,email
U1165,male,1999-06-06,Port Emilyview,tablet,English,2025-05-21 21:30:20,pending,yes,suspended,organic
U1166,female,1962-03-18,South April,tablet,French,2025-04-25 20:56:18,registered,no,active,paid
U1167,female,1978-05-27,New Ryan,tablet,French,2025-05-05 11:36:29,registered,no,active,organic
U1168,male,1965-09-06,Baileymouth,tablet,English,2025-04-02 08:14:23,guest,no,inactive,social
U1169,female,2005-01-28,Port Eugenechester,tablet,French,2025-05-06 05:03:10,guest,yes,active,social
U1170,female,1979-02-01,Cervantesside,tablet,German,2025-02-06 03:01:15,registered,yes,active,paid
U1171,male,1990-06-04,West Johnnyville,tablet,German,2025-04-18 11:35:32,guest,no,suspended,paid
U1172,male,1994-06-29,Lake Mollymouth,desktop,French,2025-04-20 05:52:23,guest,yes,suspended,organic
U1173,male,1963-03-01,New Michael,tablet,French,2025-05-06 19:08:46,pending,yes,active,paid
U1174,female,2002-01-12,Wolfborough,mobile,French,2025-03-22 20:34:20,registered,no,active,paid
U1175,male,1996-11-05,West Samuel,mobile,French,2025-05-04 02:55:14,registered,no,active,social
U1176,male,1967-09-27,Lake Chelseabury,tablet,French,2025-03-01 18:05:44,pending,no,active,social
U1177,female,1980-08-14,New Rickybury,mobile,English,2025-02-21 00:46:01,registered,no,inactive,email
U1178,female,1990-11-16,Lake Marilynfort,mobile,English,2025-03-27 16:10:24,pending,yes,inactive,referral
U1179,male,1994-02-07,Robertfort,mobile,English,2025-05-01 16:42:13,registered,yes,inactive,social
U1180,male,1976-01-22,Arnoldfurt,mobile,German,2025-03-08 00:18:31,guest,yes,inactive,email
U1181,male,2000-04-05,Port Chad,mobile,English,2025-04-20 13:46:18,guest,yes,suspended,social
U1182,male,1982-08-08,Loriport,tablet,Spanish,2025-03-28 23:22:15,registered,no,suspended,paid
U1183,male,1999-06-01,Grimesmouth,desktop,Spanish,2025-05-14 13:58:02,guest,yes,suspended,email
U1184,female,1992-06-07,Martinside,mobile,Spanish,2025-04-13 05:55:34,guest,yes,active,social
U1185,male,1990-06-17,Mollybury,desktop,Spanish,2025-05-21 00:46:12,pending,no,suspended,email
U1186,female,1985-07-14,Port Kimberly,mobile,German,2025-02-07 11:24:40,pending,yes,suspended,social
U1187,male,1981-02-15,Thorntonfurt,mobile,French,2025-04-14 23:15:26,registered,no,inactive,social
U1188,male,2004-08-21,South Tammie,desktop,French,2025-02-23 12:21:00,pending,no,active,email
U1189,female,1993-08-27,Mollymouth,tablet,English,2025-02-18 08:41:24,pending,yes,inactive,social
U1190,male,1995-04-07,Smithberg,desktop,French,2025-04-19 14:38:19,pending,yes,inactive,paid
U1191,female,2004-01-12,North Terrance,desktop,French,2025-03-22 11:05:44,registered,yes,suspended,social
U1192,female,1982-07-06,Santosmouth,tablet,French,2025-05-13 14:51:36,guest,yes,inactive,social
U1193,female,1985-05-02,Courtneyfort,desktop,English,2025-05-15 01:19:02,guest,no,suspended,email
U1194,female,1961-12-01,East Crystalport,tablet,French,2025-03-15 04:09:46,guest,no,active,referral
U1195,female,1965-08-16,Goodville,mobile,English,2025-04-26 03:41:30,registered,no,inactive,referral
U1196,male,1970-10-18,Rebeccaton,desktop,English,2025-04-02 23:41:43,pending,no,inactive,referral
U1197,female,1963-04-17,Michaelchester,mobile,Spanish,2025-02-27 06:24:15,guest,no,active,email
U1198,male,1976-02-03,Knightburgh,tablet,French,2025-03-04 00:10:52,guest,yes,suspended,email
U1199,male,1971-05-22,New Monicabury,desktop,English,2025-05-06 15:17:50,registered,no,suspended,referral
U1200,female,1999-02-27,East Steven,mobile,French,2025-03-20 07:37:12,registered,yes,suspended,referral
U1201,male,1990-09-30,Elizabethmouth,mobile,German,2025-03-26 20:27:38,pending,no,inactive,organic
U1202,male,2005-08-02,North Scott,tablet,German,2025-04-07 02:27:09,pending,yes,active,organic
U1203,female,1999-06-17,Daniellechester,mobile,Spanish,2025-03-19 13:32:31,pending,no,inactive,referral
U1204,male,1990-07-24,Jamesfurt,mobile,Spanish,2025-05-03 19:54:46,registered,no,active,paid
U1205,male,1966-09-24,South Ashley,mobile,English,2025-05-21 14:49:03,guest,yes,suspended,organic
U1206,female,1979-08-10,Andrewfurt,tablet,English,2025-03-24 07:10:16,guest,no,inactive,paid
U1207,female,1960-01-10,New Julieport,tablet,German,2025-03-15 16:25:45,pending,no,inactive,organic
U1208,female,2000-10-13,Jefferyborough,tablet,German,2025-05-30 13:33:45,guest,no,active,organic
U1209,female,1976-07-12,Lake Colton,mobile,German,2025-02-06 15:43:21,guest,yes,suspended,email
U1210,male,1980-06-30,Johnsonstad,desktop,French,2025-02-24 12:25:24,pending,no,active,email
U1211,female,1965-08-10,Markchester,tablet,Spanish,2025-03-05 02:32:31,registered,no,active,paid
U1212,female,1973-02-19,Port Amber,mobile,French,2025-04-11 01:01:10,registered,yes,active,paid
U1213,female,1995-08-07,Mariaview,desktop,Spanish,2025-05-03 13:34:25,guest,no,inactive,paid
U1214,female,1979-07-23,Lindamouth,tablet,English,2025-02-13 14:55:13,registered,no,active,email
U1215,male,1969-01-19,Port Erica,tablet,French,2025-04-17 04:04:18,guest,yes,inactive,organic
U1216,female,1997-05-26,Christopherfurt,mobile,French,2025-02-01 16:51:56,pending,no,inactive,email
U1217,female,1977-06-21,South Miguelview,tablet,French,2025-05-23 12:14:50,pending,no,suspended,social
U1218,female,1985-05-27,Danielbury,desktop,Spanish,2025-05-01 13:14:29,guest,no,inactive,paid
U1219,male,1961-03-05,Rosebury,desktop,French,2025-02-11 06:36:45,pending,no,inactive,paid
U1220,female,2002-09-18,Blankenshipport,mobile,German,2025-04-19 06:47:47,pending,yes,inactive,social
U1221,female,1967-05-31,North Sophia,tablet,German,2025-03-30 02:26:30,guest,no,active,referral
U1222,female,1992-12-30,North Jimmyside,desktop,Spanish,2025-02-25 08:14:25,registered,no,inactive,organic
U1223,male,1985-12-02,Watsonside,mobile,Spanish,2025-04-21 09:16:20,pending,no,inactive,email
U1224,female,1999-06-11,South Diana,mobile,Spanish,2025-05-05 00:31:20,registered,yes,suspended,email
U1225,female,2001-05-15,Crosbyview,desktop,German,2025-02-05 08:28:08,guest,yes,inactive,email
U1226,female,2006-06-13,Jeffmouth,mobile,English,2025-03-16 20:21:52,pending,yes,suspended,social
U1227,female,1984-02-26,Lake Michaelstad,mobile,French,2025-02-10 18:11:01,pending,yes,inactive,paid
U1228,female,1986-07-26,Jamesville,tablet,German,2025-04-28 07:08:11,pending,yes,active,organic
U1229,female,1965-09-17,Lake Danielle,desktop,English,2025-02-03 03:31:58,guest,no,active,social
U1230,male,1962-12-01,Johnberg,tablet,German,2025-05-19 15:07:26,registered,no,suspended,email
U1231,female,1973-06-09,Port Kathyborough,tablet,French,2025-05-23 20:44:35,pending,yes,inactive,organic
U1232,male,1974-03-03,West Kim,tablet,Spanish,2025-05-25 17:28:32,guest,no,inactive,paid
U1233,female,1959-09-01,Micheleberg,desktop,Spanish,2025-02-24 05:48:26,guest,yes,suspended,organic
U1234,female,1996-03-27,Laurenville,mobile,French,2025-02-04 00:08:39,guest,no,suspended,paid
U1235,female,1968-06-10,West Kristybury,mobile,German,2025-05-24 08:15:12,pending,yes,inactive,organic
U1236,male,1981-07-04,East Josephberg,desktop,English,2025-04-21 17:49:06,pending,no,suspended,organic
U1237,male,1995-04-10,Lake Brycemouth,tablet,English,2025-04-10 07:13:26,registered,no,suspended,referral
U1238,male,1994-05-26,South Williamton,tablet,French,2025-05-11 06:08:19,registered,no,suspended,organic
U1239,male,1980-01-01,Schneidertown,mobile,Spanish,2025-02-10 19:28:00,registered,yes,active,paid
U1240,female,1992-01-26,Simmonsville,mobile,English,2025-05-05 04:49:06,guest,yes,suspended,organic
U1241,male,1989-08-28,North Marcberg,desktop,French,2025-02-11 18:06:05,pending,yes,active,referral
U1242,female,1968-01-23,Claudiashire,tablet,English,2025-05-16 11:31:34,registered,no,suspended,referral
U1243,female,1981-08-08,Vanghaven,mobile,Spanish,2025-03-28 06:19:23,registered,yes,inactive,social
U1244,female,1990-05-08,Garciaville,mobile,German,2025-05-17 01:24:30,guest,yes,suspended,referral
U1245,male,1974-02-08,Hayesbury,mobile,German,2025-04-20 08:30:39,pending,yes,inactive,social
U1246,male,1982-07-16,Rossville,desktop,Spanish,2025-03-31 16:34:51,guest,no,suspended,paid
U1247,female,1988-07-07,Elizabethstad,tablet,Spanish,2025-02-28 15:20:56,pending,yes,active,referral
U1248,male,2006-03-19,Jonesland,tablet,Spanish,2025-02-17 02:29:01,registered,yes,suspended,referral
U1249,female,1988-11-11,Lake Joanneberg,tablet,Spanish,2025-05-18 00:52:32,registered,no,suspended,referral
U1250,male,1963-07-22,Elizabethchester,mobile,German,2025-04-08 15:53:11,registered,no,inactive,referral
U1251,male,2004-10-01,Parrishton,desktop,French,2025-03-26 20:27:00,pending,no,inactive,paid
U1252,male,2000-05-01,Michaelshire,mobile,Spanish,2025-05-08 12:42:49,guest,yes,active,referral
U1253,male,1973-12-13,Lake Timothy,mobile,Spanish,2025-02-20 00:20:03,guest,yes,active,paid
U1254,male,1983-04-20,Dannyview,tablet,German,2025-05-21 11:29:59,guest,no,active,email
U1255,female,1974-11-12,Bruceside,desktop,Spanish,2025-02-04 02:21:06,registered,yes,suspended,paid
U1256,male,2000-11-30,Anthonyview,desktop,German,2025-03-30 23:58:22,registered,yes,inactive,paid
U1257,female,1982-08-07,Adamberg,desktop,German,2025-05-19 23:14:51,pending,yes,suspended,paid
U1258,female,2004-03-16,Jonestown,tablet,German,2025-02-16 19:37:18,guest,yes,active,paid
U1259,female,1995-07-29,South Robert,tablet,English,2025-04-06 04:41:25,pending,no,active,referral
U1260,male,1970-03-09,Larrymouth,desktop,English,2025-05-20 05:10:39,guest,yes,inactive,email
U1261,female,2000-01-18,North Ericton,mobile,Spanish,2025-02-14 20:11:50,guest,yes,suspended,social
U1262,female,1977-12-28,Stanleyfort,desktop,German,2025-05-27 21:10:45,guest,no,inactive,organic
U1263,female,1989-07-22,Nelsonhaven,mobile,French,2025-02-21 02:25:40,pending,no,inactive,organic
U1264,female,1982-12-18,Rodriguezshire,tablet,English,2025-05-04 11:52:22,registered,no,suspended,paid
U1265,female,1995-05-02,Brandonfurt,desktop,Spanish,2025-05-26 09:03:24,registered,yes,suspended,social
U1266,female,1963-03-15,East Kevinborough,tablet,Spanish,2025-02-25 15:33:37,guest,yes,suspended,email
U1267,male,1976-11-10,Marktown,desktop,English,2025-05-06 13:59:01,pending,no,active,social
U1268,male,1988-10-11,East Omar,mobile,French,2025-03-15 16:23:37,guest,yes,inactive,paid
U1269,male,1993-07-08,Charleston,mobile,German,2025-04-24 16:55:50,registered,no,active,email
U1270,male,1960-09-30,Morsemouth,mobile,German,2025-05-21 19:13:55,registered,no,inactive,social
U1271,male,1988-09-07,Mckinneychester,desktop,Spanish,2025-03-27 05:14:19,registered,no,active,social
U1272,female,1967-04-24,Smithmouth,mobile,French,2025-03-04 08:59:13,pending,yes,inactive,social
U1273,female,2001-07-15,Collierstad,mobile,Spanish,2025-02-16 02:42:54,pending,no,active,referral
U1274,female,1989-03-11,East Ryanfurt,mobile,Spanish,2025-05-11 17:50:32,registered,no,inactive,organic
U1275,female,1964-10-28,Harrellmouth,tablet,French,2025-03-14 00:36:02,pending,yes,active,paid
U1276,female,1982-02-20,North William,tablet,French,2025-02-21 03:24:09,pending,yes,active,paid
U1277,male,1995-08-01,Port Michael,mobile,English,2025-02-27 16:17:04,registered,no,active,social
U1278,female,1975-07-21,East Jonathanburgh,mobile,French,2025-05-26 23:22:57,pending,no,suspended,referral
U1279,female,1969-11-16,East Stephaniefort,mobile,German,2025-04-30 02:10:40,guest,no,active,referral
U1280,female,1997-11-01,Maldonadoshire,tablet,French,2025-04-02 18:15:34,guest,yes,active,organic
U1281,male,2002-02-26,Edwardland,desktop,English,2025-05-01 01:19:50,guest,yes,inactive,email
U1282,female,1989-07-26,Laurashire,desktop,Spanish,2025-02-09 21:46:51,pending,yes,active,referral
U1283,female,1983-06-04,West Steventon,tablet,Spanish,2025-02-10 01:07:36,registered,yes,inactive,referral
U1284,male,1984-07-26,Chaseland,tablet,English,2025-05-29 10:08:48,pending,no,inactive,organic
U1285,female,1999-11-25,Fordside,tablet,English,2025-02-06 23:10:46,guest,yes,inactive,organic
U1286,female,1990-01-29,West Cassidy,tablet,German,2025-05-07 08:32:27,pending,yes,inactive,organic
U1287,female,1969-09-27,South Dalemouth,tablet,English,2025-02-15 09:00:08,registered,no,suspended,email
U1288,female,1993-10-22,North John,desktop,Spanish,2025-04-25 00:06:05,pending,no,suspended,referral
U1289,female,1989-05-17,West Nathan,mobile,German,2025-03-25 22:22:46,guest,no,suspended,organic
U1290,male,1985-11-02,Schroederton,tablet,English,2025-04-04 23:34:44,guest,no,suspended,social
U1291,female,1963-12-17,Codyfurt,mobile,Spanish,2025-03-26 04:13:15,pending,yes,active,email
U1292,female,1976-08-15,West Christopher,tablet,English,2025-02-26 11:06:14,guest,yes,inactive,referral
U1293,male,1983-04-12,Tammyfurt,desktop,German,2025-02-24 00:57:29,registered,no,suspended,organic
U1294,female,1999-12-19,West Angelicamouth,desktop,Spanish,2025-02-23 19:33:43,guest,yes,active,referral
U1295,male,2005-01-27,Lake Ellenhaven,tablet,German,2025-04-10 06:14:28,guest,no,inactive,referral
U1296,female,1960-09-18,Kyleborough,tablet,German,2025-04-06 08:35:17,registered,yes,inactive,referral
U1297,male,1992-07-25,East Zoe,desktop,Spanish,2025-03-01 02:05:48,guest,yes,active,referral
U1298,female,1964-09-21,Meganville,tablet,English,2025-05-08 14:00:19,guest,yes,inactive,organic
U1299,female,1996-03-16,Lake Matthewberg,desktop,Spanish,2025-05-25 23:22:12,registered,yes,suspended,referral
U1300,male,1985-02-09,East Henry,tablet,Spanish,2025-03-03 03:28:06,guest,yes,active,email
U1301,female,1989-04-04,South Michaelbury,tablet,French,2025-04-26 06:06:57,pending,no,suspended,paid
U1302,male,2001-01-09,Karenmouth,mobile,German,2025-03-16 10:31:57,registered,no,inactive,organic
U1303,female,1995-10-24,West Tammy,mobile,German,2025-05-01 01:46:16,registered,yes,suspended,email
U1304,male,1972-09-04,Erikashire,mobile,Spanish,2025-04-25 13:19:57,registered,yes,suspended,paid
U1305,female,1990-11-22,Kimberlyhaven,tablet,Spanish,2025-05-12 10:08:26,guest,no,inactive,social
U1306,female,1987-12-18,Port James,tablet,French,2025-05-27 09:56:09,pending,yes,active,paid
U1307,female,1968-11-21,Brettfort,mobile,English,2025-04-12 01:58:25,pending,yes,suspended,organic
U1308,female,1997-03-18,Lake Meghanville,mobile,Spanish,2025-03-26 08:29:23,pending,no,inactive,email
U1309,female,1965-03-07,West Shannon,mobile,English,2025-05-09 16:23:49,pending,yes,suspended,social
U1310,female,1969-07-02,Davisbury,desktop,French,2025-04-27 14:24:31,pending,no,active,social
U1311,male,1983-04-06,South Brianhaven,mobile,French,2025-04-12 14:47:12,registered,no,active,paid
U1312,female,1975-07-09,Vangstad,tablet,French,2025-03-14 14:25:35,guest,yes,inactive,referral
U1313,male,1961-05-23,Sarahmouth,desktop,German,2025-02-27 08:38:20,guest,yes,suspended,social
U1314,female,1968-11-02,West Samanthafort,desktop,English,2025-02-25 22:49:14,registered,yes,inactive,email
U1315,female,1991-05-25,Gilbertland,desktop,French,2025-02-02 16:33:52,guest,yes,active,paid
U1316,female,1976-11-21,Port Edward,tablet,German,2025-05-28 05:35:12,pending,yes,suspended,paid
U1317,female,1995-05-22,Rodriguezport,desktop,Spanish,2025-03-17 03:29:01,pending,no,active,referral
U1318,female,1979-12-20,North Johnmouth,mobile,Spanish,2025-02-11 04:42:09,registered,no,active,organic
U1319,female,1967-01-07,Carlsontown,mobile,German,2025-05-10 01:49:29,guest,yes,active,organic
U1320,female,1998-08-09,Lake Douglas,tablet,German,2025-04-23 08:23:53,pending,yes,suspended,referral
U1321,female,1959-07-31,Johnchester,tablet,French,2025-03-07 08:56:45,pending,yes,suspended,email
U1322,female,2004-09-07,New Theresaland,tablet,English,2025-05-12 03:36:52,registered,no,active,organic
U1323,male,1996-07-01,South Morganton,mobile,German,2025-04-15 02:59:51,guest,yes,suspended,email
U1324,male,1984-11-16,Juliestad,desktop,English,2025-02-12 02:51:01,guest,yes,suspended,email
U1325,female,1982-12-09,Lake Diane,mobile,English,2025-02-19 03:06:31,guest,no,inactive,paid
U1326,female,1999-01-27,Dennisstad,mobile,German,2025-05-16 00:36:30,pending,yes,suspended,organic
U1327,female,1982-07-06,Port Kimberly,mobile,German,2025-04-30 05:17:58,pending,yes,active,referral
U1328,male,2006-10-17,Welchberg,tablet,English,2025-02-11 06:04:11,pending,yes,suspended,paid
U1329,female,1990-08-14,West Jamesborough,tablet,English,2025-02-07 03:17:45,guest,yes,inactive,organic
U1330,female,1980-12-13,Zacharyside,mobile,French,2025-05-01 22:12:10,registered,yes,active,social
U1331,female,1976-09-17,Port Deborahport,desktop,French,2025-04-09 07:37:12,pending,no,suspended,paid
U1332,female,1962-09-23,Joshuastad,desktop,Spanish,2025-04-24 20:20:27,guest,yes,active,organic
U1333,female,1986-09-11,Klinefurt,mobile,German,2025-04-05 20:01:30,pending,no,inactive,email
U1334,female,1972-03-09,Holtstad,tablet,Spanish,2025-05-10 20:00:03,registered,no,active,referral
U1335,male,1977-08-16,Lake Rogerchester,tablet,Spanish,2025-05-26 23:38:09,pending,yes,suspended,organic
U1336,female,1971-10-03,Manuelland,mobile,English,2025-04-03 16:13:03,pending,yes,active,social
U1337,male,2004-06-13,Kirkchester,mobile,Spanish,2025-03-03 08:37:15,pending,no,active,social
U1338,male,2006-05-31,Bellton,mobile,German,2025-04-08 11:02:43,guest,no,inactive,referral
U1339,male,2001-04-25,Hillton,mobile,French,2025-02-13 13:43:01,pending,yes,active,referral
U1340,female,2005-02-23,Coxburgh,desktop,English,2025-02-05 01:07:32,guest,no,inactive,email
U1341,female,1969-03-10,Johnsonland,desktop,Spanish,2025-03-16 19:49:05,guest,yes,active,paid
U1342,male,2003-05-18,Michaelshire,tablet,English,2025-02-05 06:55:35,pending,yes,active,social
U1343,female,2000-08-25,Lake Shannon,desktop,Spanish,2025-04-12 00:49:11,guest,no,inactive,referral
U1344,female,1984-10-15,Hinesshire,mobile,English,2025-02-25 17:42:20,guest,no,inactive,referral
U1345,female,1995-07-03,Raymondview,mobile,Spanish,2025-03-19 11:16:28,registered,yes,active,email
U1346,female,1967-03-12,Lake Jacobhaven,mobile,French,2025-04-15 03:29:30,pending,yes,inactive,email
U1347,male,1997-09-11,West Kimberlymouth,mobile,German,2025-03-12 15:58:14,guest,no,active,email
U1348,other,2001-02-10,Heatherfort,mobile,Spanish,2025-03-09 20:53:55,guest,no,active,organic
U1349,male,1967-10-27,Port Charles,mobile,French,2025-03-04 12:38:13,guest,yes,inactive,email
U1350,female,1989-10-06,Port Evelynmouth,mobile,French,2025-04-07 11:07:09,guest,no,suspended,social
U1351,male,1963-11-23,Patriciaburgh,mobile,Spanish,2025-03-04 19:19:22,guest,yes,active,referral
U1352,female,1984-01-27,North Tracie,mobile,Spanish,2025-02-25 23:12:47,pending,no,active,organic
U1353,female,1975-08-02,Johnsonside,desktop,English,2025-05-21 03:00:21,registered,yes,inactive,social
U1354,male,1984-07-30,Laraside,mobile,French,2025-02-24 04:46:39,pending,yes,inactive,social
U1355,male,2001-02-12,North Kylefort,mobile,English,2025-05-12 01:55:09,pending,yes,active,referral
U1356,male,1987-06-06,Morrowland,desktop,French,2025-02-23 08:03:54,registered,no,inactive,organic
U1357,female,1981-01-17,South Stevenhaven,mobile,French,2025-04-06 21:33:18,pending,no,active,organic
U1358,female,1968-03-16,Port Tammy,mobile,English,2025-04-24 00:08:50,registered,no,active,paid
U1359,female,1993-09-10,Port Davidberg,mobile,French,2025-03-30 01:19:23,guest,no,active,social
U1360,male,1970-09-05,West Sarah,mobile,French,2025-03-14 18:46:03,pending,yes,suspended,email
U1361,female,1983-01-08,Meghanview,tablet,German,2025-03-09 02:49:59,guest,yes,suspended,social
U1362,female,2002-09-09,Davidport,desktop,French,2025-05-29 07:26:35,registered,no,suspended,referral
U1363,male,1995-10-11,New Danielleshire,desktop,English,2025-05-22 18:00:31,registered,yes,suspended,email
U1364,female,1969-12-19,Lake Claudia,mobile,French,2025-05-27 12:09:06,registered,yes,active,paid
U1365,male,1982-06-13,Port Michelleland,mobile,French,2025-02-07 19:52:02,guest,no,active,social
U1366,female,2003-02-15,Debrashire,desktop,German,2025-04-20 21:26:06,guest,no,active,referral
U1367,male,2001-07-15,South Pamelaside,desktop,English,2025-03-27 05:58:03,guest,no,suspended,paid
U1368,male,2003-02-26,Timothyfurt,mobile,French,2025-03-28 18:08:32,guest,yes,inactive,social
U1369,male,1990-05-03,Lake Brianmouth,desktop,French,2025-04-20 16:56:15,pending,no,inactive,paid
U1370,female,1992-06-05,Harrisberg,tablet,Spanish,2025-03-31 16:44:24,registered,no,suspended,paid
U1371,male,1981-03-15,Theresaberg,mobile,French,2025-04-11 22:50:32,registered,no,active,social
U1372,female,1994-07-08,West Johnville,tablet,Spanish,2025-03-22 22:30:30,pending,yes,suspended,email
U1373,male,1990-01-25,East Colin,tablet,English,2025-03-27 08:29:09,pending,yes,suspended,referral
U1374,male,1985-08-13,Wrightburgh,desktop,German,2025-04-03 13:57:41,pending,yes,inactive,social
U1375,female,1998-10-14,Jamesburgh,tablet,French,2025-05-06 18:05:08,pending,yes,active,paid
U1376,female,1994-07-02,Jimenezport,tablet,French,2025-05-06 13:54:48,guest,no,active,social
U1377,female,1961-01-19,South Williambury,mobile,English,2025-03-12 18:38:44,pending,yes,active,email
U1378,female,1999-03-04,Brandonport,tablet,German,2025-05-06 02:22:26,registered,yes,active,email
U1379,female,2000-02-19,Mitchelltown,mobile,French,2025-02-19 20:58:21,pending,no,suspended,email
U1380,female,1988-10-18,West Jessica,mobile,French,2025-04-18 07:18:00,guest,yes,suspended,paid
U1381,male,1984-05-17,South Brettside,mobile,Spanish,2025-03-08 19:09:34,pending,no,suspended,paid
U1382,male,1984-02-22,Charleshaven,tablet,French,2025-04-27 10:48:12,pending,no,suspended,social
U1383,female,1996-11-21,Marciaville,mobile,German,2025-02-23 23:36:53,guest,yes,suspended,referral
U1384,female,1966-01-20,Brooksmouth,mobile,French,2025-05-18 07:41:05,pending,yes,suspended,email
U1385,male,1984-05-09,East Carrie,desktop,English,2025-04-17 22:35:57,registered,yes,suspended,email
U1386,female,1993-07-03,North Benjaminmouth,mobile,German,2025-05-01 23:48:27,registered,no,inactive,organic
U1387,female,1994-10-25,Hernandezhaven,mobile,German,2025-02-26 03:25:35,pending,yes,active,social
U1388,male,1981-10-16,Franciscoport,mobile,Spanish,2025-05-25 06:57:26,registered,no,active,organic
U1389,female,1982-05-13,Ericksonport,mobile,German,2025-05-02 05:09:35,registered,yes,inactive,paid
U1390,male,1960-08-09,Markville,tablet,English,2025-04-20 21:13:06,pending,yes,active,referral
U1391,male,1999-03-12,Lauratown,mobile,Spanish,2025-05-25 21:48:01,guest,no,suspended,organic
U1392,female,1991-10-09,Tammyshire,desktop,French,2025-05-22 03:58:17,guest,yes,inactive,email
U1393,female,1974-12-16,New Timothyhaven,desktop,French,2025-05-30 08:10:41,registered,no,inactive,referral
U1394,male,1985-05-06,Port Erin,tablet,German,2025-02-05 03:07:45,guest,no,active,referral
U1395,male,1998-06-09,East Andrewmouth,mobile,Spanish,2025-04-21 07:39:27,registered,no,inactive,email
U1396,male,1969-10-11,Vaughnchester,mobile,German,2025-05-07 10:38:54,pending,yes,inactive,email
U1397,female,2001-01-31,Salaston,mobile,Spanish,2025-02-25 19:30:39,pending,yes,suspended,email
U1398,female,1994-10-08,New Mark,desktop,German,2025-05-02 21:22:13,pending,yes,active,paid
U1399,female,1995-03-26,Edwardsburgh,desktop,German,2025-04-29 06:11:14,registered,yes,suspended,paid
U1400,female,1995-10-02,Amyview,mobile,Spanish,2025-05-28 11:09:46,pending,yes,suspended,paid
U1401,female,1992-06-03,East Joshua,desktop,Spanish,2025-03-28 23:06:24,guest,no,suspended,organic
U1402,male,1974-10-11,Kellieborough,desktop,Spanish,2025-05-04 22:55:10,pending,yes,suspended,organic
U1403,male,1981-01-18,Baileyview,desktop,German,2025-03-26 21:11:44,registered,no,suspended,social
U1404,female,1967-10-08,Huangfurt,tablet,English,2025-04-07 00:26:38,registered,no,inactive,social
U1405,female,1969-06-10,Bobbyland,tablet,German,2025-04-07 06:10:15,pending,no,active,email
U1406,female,1989-07-30,Julieborough,mobile,English,2025-03-10 05:42:18,guest,yes,inactive,organic
U1407,male,1996-02-15,Sarahview,tablet,French,2025-02-25 15:44:18,guest,yes,active,organic
U1408,male,1966-11-27,East Brent,tablet,German,2025-05-13 02:49:57,registered,yes,suspended,social
U1409,female,1974-10-31,North Craig,tablet,Spanish,2025-04-04 03:16:47,guest,no,suspended,paid
U1410,female,1991-08-15,Lake Kellitown,mobile,English,2025-05-16 20:49:43,registered,no,active,social
U1411,male,1970-03-22,Delgadofort,mobile,German,2025-05-02 17:04:16,guest,no,inactive,paid
U1412,male,2003-09-29,Port Tamara,desktop,Spanish,2025-04-02 08:44:59,registered,yes,inactive,referral
U1413,female,1978-11-24,Port Christophershire,desktop,English,2025-03-16 02:13:28,pending,yes,inactive,social
U1414,female,1995-11-22,East Robertburgh,mobile,French,2025-02-06 01:21:21,registered,yes,inactive,email
U1415,male,1986-06-28,Lopezport,mobile,French,2025-02-06 06:36:18,registered,yes,active,organic
U1416,female,1960-02-08,Ashleyville,mobile,English,2025-04-05 01:24:33,registered,yes,active,email
U1417,female,1978-11-02,Haysside,mobile,English,2025-05-11 19:30:05,guest,yes,inactive,email
U1418,male,1993-01-31,Port William,mobile,Spanish,2025-03-23 23:30:46,guest,no,active,paid
U1419,male,1972-08-05,West Franciscomouth,tablet,French,2025-03-20 22:56:28,registered,no,active,organic
U1420,female,1972-02-23,Lake Matthewport,tablet,Spanish,2025-05-20 06:03:08,guest,no,suspended,email
U1421,male,2005-05-14,East Cheryl,mobile,English,2025-04-18 17:43:19,guest,yes,active,paid
U1422,female,1988-07-30,Christopherville,tablet,German,2025-03-06 21:08:34,registered,no,active,social
U1423,female,1969-01-15,Morrisbury,tablet,Spanish,2025-01-31 07:49:50,guest,yes,suspended,organic
U1424,male,1977-03-21,Youngview,tablet,English,2025-04-04 00:09:54,pending,yes,suspended,email
U1425,female,1980-01-08,West Desireebury,desktop,English,2025-02-11 01:31:13,registered,no,inactive,email
U1426,male,2004-11-30,South Kurtfurt,mobile,French,2025-05-07 13:54:54,guest,no,suspended,organic
U1427,male,2007-05-09,Hannahport,mobile,Spanish,2025-04-11 08:52:43,pending,no,active,email
U1428,female,2001-04-19,East Susan,desktop,German,2025-05-02 20:29:21,guest,no,active,email
U1429,female,1969-11-24,Adkinsstad,tablet,Spanish,2025-04-20 17:58:51,pending,yes,inactive,referral
U1430,female,2007-03-29,Toddborough,mobile,German,2025-03-19 01:16:20,pending,yes,active,social
U1431,female,2005-10-08,New Seanstad,tablet,German,2025-02-14 03:59:06,pending,no,suspended,social
U1432,female,1997-11-12,North Mariahaven,desktop,Spanish,2025-03-10 06:07:07,pending,yes,active,organic
U1433,female,1998-06-12,East Mark,mobile,German,2025-05-11 00:58:02,registered,no,suspended,organic
U1434,female,1989-07-17,Lake Jamieshire,desktop,French,2025-05-04 22:06:12,guest,yes,active,email
U1435,female,1965-08-30,Stokesmouth,mobile,Spanish,2025-02-24 14:54:18,registered,no,active,referral
U1436,male,1994-05-26,Bryantton,tablet,French,2025-05-18 12:11:01,registered,yes,suspended,organic
U1437,female,1990-12-09,Jenniferfurt,tablet,German,2025-03-20 09:51:23,registered,yes,active,social
U1438,male,1959-09-05,New Charles,desktop,German,2025-04-22 06:34:22,pending,yes,inactive,email
U1439,male,1982-12-02,New Virginialand,tablet,German,2025-05-01 16:00:40,registered,yes,inactive,email
U1440,male,1961-08-19,Robertberg,desktop,Spanish,2025-04-21 15:01:43,registered,yes,suspended,paid
U1441,male,1984-12-15,Westfurt,desktop,Spanish,2025-04-12 22:38:06,guest,no,suspended,email
U1442,male,1964-12-07,Lake Michelle,mobile,French,2025-02-22 00:52:14,pending,yes,inactive,email
U1443,male,1971-08-14,Ricebury,desktop,French,2025-01-30 16:11:12,registered,no,inactive,referral
U1444,male,1961-01-08,Stevenside,desktop,French,2025-04-22 08:34:47,pending,yes,active,paid
U1445,male,1995-09-03,Morrowbury,desktop,German,2025-04-29 10:40:09,registered,no,active,organic
U1446,female,1983-01-11,West Jacob,mobile,English,2025-02-20 21:53:38,registered,no,inactive,referral
U1447,female,1961-08-31,Mendeztown,mobile,Spanish,2025-03-17 17:35:10,registered,yes,active,paid
U1448,male,1973-07-01,North Brittneymouth,desktop,English,2025-05-26 01:52:46,guest,no,suspended,referral
U1449,female,2005-03-16,East Joyfurt,tablet,German,2025-04-25 05:42:53,guest,yes,inactive,email
U1450,female,1975-06-03,Port Michelle,tablet,French,2025-02-09 23:02:53,pending,yes,suspended,referral
U1451,female,1969-01-04,Jimshire,desktop,English,2025-04-01 22:11:56,guest,no,active,email
U1452,female,1998-10-09,Joelberg,mobile,Spanish,2025-05-11 05:12:21,registered,no,active,social
U1453,female,1974-07-08,Turnerton,desktop,French,2025-05-18 02:29:40,pending,no,active,referral
U1454,female,1999-09-26,Lake Erika,desktop,English,2025-05-17 22:27:06,pending,no,suspended,organic
U1455,female,1993-03-14,West Shellyfurt,mobile,English,2025-05-11 20:10:30,pending,yes,active,social
U1456,male,1981-03-01,Russellport,mobile,Spanish,2025-04-13 02:25:53,guest,no,suspended,email
U1457,female,1971-12-27,Allenbury,desktop,French,2025-03-29 09:31:59,pending,yes,suspended,paid
U1458,female,1969-04-18,Melendezside,mobile,English,2025-04-20 03:12:59,registered,no,inactive,referral
U1459,female,1987-10-26,South John,tablet,Spanish,2025-03-10 11:37:04,guest,yes,inactive,organic
U1460,female,1981-12-12,South Melanieland,tablet,French,2025-05-14 00:14:33,pending,yes,active,organic
U1461,female,1972-06-08,West Nicholaston,mobile,English,2025-02-13 03:11:58,pending,no,inactive,email
U1462,male,1972-04-11,South Jason,desktop,Spanish,2025-04-04 15:43:34,registered,no,suspended,referral
U1463,female,1980-02-08,East Sharonville,tablet,German,2025-05-02 23:55:58,guest,no,inactive,referral
U1464,female,1975-12-25,South Rose,tablet,French,2025-05-17 04:52:33,guest,yes,suspended,email
U1465,male,1981-05-11,Oscarside,desktop,French,2025-04-09 18:16:15,guest,yes,inactive,social
U1466,female,1980-06-17,Michaelfort,tablet,English,2025-04-30 11:44:10,registered,no,active,referral
U1467,male,1966-03-08,Gillmouth,mobile,Spanish,2025-03-10 10:38:33,pending,no,inactive,paid
U1468,female,1984-09-12,Robertshire,mobile,French,2025-03-13 23:12:43,registered,yes,inactive,social
U1469,female,1969-05-27,West Angelashire,mobile,English,2025-05-22 11:00:05,guest,yes,active,social
U1470,female,1987-11-21,Elijahmouth,mobile,Spanish,2025-03-15 15:57:52,guest,yes,inactive,referral
U1471,male,1985-04-27,South Andrea,desktop,German,2025-04-05 13:09:48,registered,no,suspended,email
U1472,female,1976-12-25,Levyfort,desktop,Spanish,2025-04-29 11:37:07,guest,yes,suspended,email
U1473,male,1970-12-03,Garyside,tablet,German,2025-05-04 19:43:08,registered,yes,active,email
U1474,female,1971-12-31,New Arthurland,desktop,English,2025-02-08 10:05:36,guest,no,suspended,organic
U1475,male,1959-11-28,Taylorbury,tablet,French,2025-02-12 04:45:12,registered,no,suspended,email
U1476,female,1969-10-01,East Williamstad,mobile,French,2025-02-10 17:43:04,pending,yes,inactive,email
U1477,other,2001-07-08,Hopkinstown,desktop,German,2025-01-31 06:48:56,registered,yes,suspended,referral
U1478,male,1995-09-10,Smithhaven,desktop,German,2025-03-24 08:23:04,guest,yes,suspended,organic
U1479,male,1995-12-06,Andrechester,desktop,Spanish,2025-03-05 19:26:38,registered,yes,active,organic
U1480,female,1966-10-03,New Eduardoborough,desktop,Spanish,2025-05-30 08:23:17,registered,no,active,social
U1481,female,1995-04-20,Lisaview,mobile,French,2025-04-17 01:40:17,guest,no,suspended,referral
U1482,male,1964-11-07,Susanmouth,mobile,French,2025-05-19 17:06:03,registered,yes,active,referral
U1483,female,1976-01-09,West Gabriella,tablet,German,2025-02-14 15:42:07,registered,yes,suspended,email
U1484,female,2003-12-17,North Richardfurt,desktop,French,2025-05-17 07:46:31,guest,no,inactive,paid
U1485,male,1991-11-13,Lake Albertburgh,tablet,English,2025-02-15 01:20:42,registered,no,inactive,email
U1486,female,1993-06-28,Newmanmouth,mobile,Spanish,2025-05-19 21:04:58,registered,no,active,referral
U1487,female,1965-12-18,East Jasonshire,mobile,German,2025-05-02 07:59:31,registered,yes,suspended,organic
U1488,female,1977-12-03,North Gabrielleview,tablet,English,2025-05-15 10:42:23,registered,yes,inactive,email
U1489,female,1997-10-27,East Sarahmouth,tablet,English,2025-02-02 00:58:19,pending,yes,active,referral
U1490,other,1973-07-27,Port Lori,desktop,German,2025-04-17 08:11:38,registered,yes,suspended,organic
U1491,female,1964-09-16,Franciscobury,tablet,Spanish,2025-05-20 00:59:39,pending,yes,inactive,organic
U1492,female,1985-12-15,Patrickberg,tablet,English,2025-02-14 05:29:58,guest,no,active,paid
U1493,male,1993-07-21,Brianchester,desktop,Spanish,2025-03-16 01:52:10,guest,yes,suspended,paid
U1494,female,1964-08-24,Cassiefurt,mobile,English,2025-04-03 09:01:31,guest,yes,suspended,social
U1495,male,1961-06-28,Kristenmouth,mobile,English,2025-05-05 06:22:40,registered,no,suspended,social
U1496,male,1974-12-31,Angelafurt,desktop,French,2025-04-23 20:33:26,pending,no,active,paid
U1497,female,1972-02-11,Millerport,tablet,German,2025-03-18 20:32:21,registered,yes,inactive,social
U1498,female,1964-06-23,West Ericberg,desktop,German,2025-04-15 15:46:12,guest,no,suspended,email
U1499,female,1981-01-09,Danieltown,tablet,English,2025-03-30 20:37:49,guest,no,active,paid
U1500,male,1989-09-26,Kathleenville,desktop,English,2025-02-24 17:31:38,pending,yes,suspended,social
U1501,male,1965-05-31,South Shane,tablet,French,2025-05-17 17:16:32,registered,yes,suspended,social
U1502,male,1994-05-06,Garcialand,desktop,Spanish,2025-04-08 17:21:36,registered,yes,inactive,paid
U1503,male,1997-03-10,New Carlymouth,desktop,Spanish,2025-04-14 19:20:19,pending,no,inactive,referral
U1504,female,1960-04-24,Robertland,mobile,French,2025-05-18 15:37:45,pending,yes,active,referral
U1505,male,1975-12-29,Lake Oscar,tablet,French,2025-02-25 23:02:29,pending,yes,suspended,paid
U1506,female,1977-10-10,Josephberg,mobile,Spanish,2025-02-11 06:50:46,guest,no,suspended,paid
U1507,female,1970-11-07,Hillport,mobile,Spanish,2025-05-04 00:40:53,guest,yes,active,organic
U1508,female,1964-09-15,Johnathanbury,mobile,French,2025-05-06 06:36:24,pending,yes,active,email
U1509,male,1999-11-19,South Daniel,mobile,Spanish,2025-03-30 03:48:33,guest,no,inactive,referral
U1510,female,1959-12-08,Cookfurt,mobile,German,2025-04-03 23:46:32,registered,no,inactive,email
U1511,female,1989-06-06,Ryanberg,desktop,French,2025-03-29 08:07:47,registered,no,suspended,referral
U1512,male,1981-04-18,South Leon,tablet,Spanish,2025-04-17 07:55:51,pending,yes,inactive,organic
U1513,female,1981-03-11,Jessicafort,tablet,Spanish,2025-05-21 19:47:31,guest,yes,active,referral
U1514,male,1975-12-21,Nicholasfurt,tablet,French,2025-04-10 21:05:44,guest,no,inactive,email
U1515,male,1967-03-23,New Wendy,tablet,German,2025-03-05 22:31:17,registered,no,inactive,social
U1516,male,2005-11-12,Lake Stevenborough,tablet,English,2025-04-25 03:20:53,pending,yes,active,organic
U1517,male,1979-04-20,Port Melaniechester,mobile,French,2025-05-06 22:55:17,pending,yes,active,email
U1518,male,1968-12-11,Johnberg,mobile,English,2025-04-22 03:55:09,guest,yes,active,email
U1519,female,1985-02-16,South Vickifort,mobile,English,2025-05-23 01:27:13,registered,no,active,organic
U1520,female,1986-10-01,Stephensstad,mobile,French,2025-05-14 06:09:47,registered,yes,active,organic
U1521,male,1999-11-19,North Kaylastad,desktop,English,2025-03-03 07:11:36,guest,yes,suspended,paid
U1522,male,2003-07-03,New Tonyafurt,mobile,French,2025-04-04 09:21:09,registered,yes,active,social
U1523,female,1988-10-07,North Coreybury,mobile,Spanish,2025-05-09 03:55:25,registered,yes,active,referral
U1524,female,1994-10-11,South Neil,mobile,English,2025-04-29 22:01:51,registered,yes,inactive,email
U1525,male,2005-09-19,West Whitney,desktop,English,2025-05-03 17:52:34,registered,no,inactive,referral
U1526,female,1966-08-03,Robertland,desktop,German,2025-02-21 12:55:20,guest,no,active,referral
U1527,male,1969-02-11,Larrymouth,desktop,Spanish,2025-03-11 04:04:17,pending,yes,inactive,paid
U1528,female,1994-12-08,Baileyville,tablet,French,2025-04-25 02:00:04,guest,yes,suspended,organic
U1529,male,2006-11-21,Floresport,mobile,German,2025-02-07 16:14:17,registered,no,suspended,paid
U1530,male,1967-04-22,Port Matthewville,mobile,German,2025-03-02 21:56:44,registered,no,suspended,referral
U1531,female,1976-01-27,New Ethan,mobile,English,2025-05-18 17:05:06,pending,yes,active,referral
U1532,male,1988-06-27,Hallfurt,mobile,French,2025-03-06 19:36:27,pending,no,inactive,organic
U1533,female,1972-02-27,Fosterborough,tablet,English,2025-04-27 07:10:17,registered,yes,active,organic
U1534,female,1999-10-10,Priceborough,tablet,English,2025-03-10 23:01:30,registered,yes,suspended,referral
U1535,female,1978-06-01,New Cristianside,desktop,Spanish,2025-03-07 07:17:45,guest,yes,active,organic
U1536,female,1984-05-13,Jamesville,mobile,English,2025-03-21 22:39:19,registered,no,active,referral
U1537,female,2005-02-11,Rosemouth,desktop,English,2025-05-25 22:05:08,registered,yes,active,organic
U1538,female,1985-12-02,Matthewsstad,mobile,French,2025-04-08 08:22:07,pending,no,active,referral
U1539,female,1990-08-19,Port Emily,mobile,Spanish,2025-03-28 18:11:36,guest,yes,active,social
U1540,male,2001-04-16,Lake Dennisville,desktop,German,2025-03-17 07:49:46,pending,no,inactive,organic
U1541,female,1980-04-03,East Nathanielberg,mobile,Spanish,2025-05-09 04:36:59,pending,no,inactive,social
U1542,female,1985-11-28,Carlsonshire,tablet,French,2025-04-14 12:13:04,registered,yes,active,organic
U1543,female,1988-04-05,South Cynthia,tablet,English,2025-03-04 15:19:57,guest,no,suspended,social
U1544,male,1997-03-27,South Keith,tablet,French,2025-03-07 07:56:33,pending,yes,suspended,paid
U1545,female,1980-11-17,Harveystad,tablet,English,2025-01-31 20:39:43,registered,yes,suspended,paid
U1546,female,1992-06-14,East Lisa,tablet,German,2025-05-19 01:09:43,pending,yes,active,paid
U1547,female,1993-11-13,Ortizfort,tablet,German,2025-04-20 16:58:41,guest,yes,suspended,paid
U1548,female,1989-09-04,Jacksonshire,desktop,Spanish,2025-02-04 23:49:16,registered,yes,suspended,paid
U1549,female,1974-06-25,Antoniobury,desktop,Spanish,2025-05-14 09:26:15,pending,yes,suspended,email
U1550,male,1979-02-12,Port Stephen,tablet,Spanish,2025-05-06 04:19:38,registered,yes,suspended,paid
U1551,female,1996-11-18,New Dannyside,desktop,English,2025-04-11 05:41:59,pending,yes,suspended,paid
U1552,female,1996-05-11,Port Jenniferside,tablet,German,2025-03-13 10:28:45,registered,yes,suspended,organic
U1553,female,1988-05-28,Lake Mariabury,desktop,French,2025-03-28 19:25:27,pending,no,active,referral
U1554,female,1961-09-01,Bakerland,tablet,Spanish,2025-04-25 06:12:50,registered,no,suspended,email
U1555,female,1967-06-18,East Lisa,tablet,Spanish,2025-05-24 03:55:26,guest,no,inactive,email
U1556,female,2006-05-15,Michellechester,mobile,German,2025-03-03 05:31:49,guest,no,suspended,referral
U1557,female,2001-05-27,Port Jamie,desktop,English,2025-03-11 04:25:22,pending,no,active,paid
U1558,female,1963-07-07,Amandaside,mobile,French,2025-03-03 16:41:43,registered,no,suspended,organic
U1559,male,1981-07-01,Keithview,mobile,German,2025-05-09 21:20:51,registered,yes,active,email
U1560,female,2005-09-13,East Sydneychester,mobile,English,2025-02-10 12:17:32,registered,yes,inactive,email
U1561,female,1978-05-06,Lake Michelle,desktop,French,2025-03-19 11:34:49,registered,yes,active,referral
U1562,male,1969-06-04,Mariafurt,mobile,English,2025-05-05 01:02:34,guest,yes,active,referral
U1563,female,1969-02-23,Courtneyfurt,tablet,Spanish,2025-04-27 18:26:02,pending,yes,inactive,social
U1564,male,1964-08-11,South Zacharyview,desktop,German,2025-04-11 15:59:46,registered,yes,suspended,paid
U1565,male,1990-06-01,Murphytown,desktop,German,2025-02-17 02:04:17,pending,no,inactive,social
U1566,male,1990-09-02,Melissaside,desktop,English,2025-04-17 05:29:25,registered,no,active,referral
U1567,male,1974-04-19,Summersfort,tablet,French,2025-03-23 03:28:20,pending,no,active,social
U1568,female,1981-06-11,Matthewshire,mobile,French,2025-02-24 08:36:47,guest,yes,inactive,organic
U1569,male,1997-12-31,Kramerton,tablet,English,2025-02-07 22:06:34,pending,yes,suspended,email
U1570,female,1966-04-01,Smithburgh,tablet,English,2025-04-25 16:32:29,guest,yes,inactive,referral
U1571,female,1990-07-16,South Jamesberg,desktop,English,2025-03-29 14:47:42,pending,no,active,organic
U1572,male,1970-04-17,Clarencestad,tablet,English,2025-03-19 14:53:55,guest,no,inactive,social
U1573,female,1965-01-30,Elizabethburgh,tablet,English,2025-02-09 01:20:46,registered,yes,inactive,paid
U1574,female,1986-06-12,Jessicabury,mobile,German,2025-04-23 08:21:40,guest,no,suspended,referral
U1575,female,2004-01-30,Lake Codyborough,desktop,French,2025-05-02 14:04:49,guest,yes,inactive,organic
U1576,female,1964-10-11,New Jeremy,tablet,French,2025-04-26 10:09:43,registered,yes,inactive,organic
U1577,female,1960-02-08,Lake Matthewville,mobile,German,2025-04-22 00:07:32,pending,yes,active,organic
U1578,female,2006-09-14,South Chad,tablet,French,2025-04-14 09:14:06,registered,yes,inactive,paid
U1579,male,1965-07-21,North Lawrenceport,tablet,French,2025-02-25 15:04:07,registered,yes,inactive,paid
U1580,female,1985-07-08,Lake Victoria,desktop,Spanish,2025-02-26 17:44:36,registered,yes,inactive,email
U1581,female,1964-02-17,New Debramouth,tablet,English,2025-04-08 04:39:12,pending,no,inactive,email
U1582,female,1973-12-21,South Christina,tablet,German,2025-04-25 21:39:29,registered,no,inactive,paid
U1583,male,1974-04-04,North Donaldville,desktop,German,2025-05-24 11:36:48,registered,yes,active,social
U1584,female,1985-08-10,Sylviamouth,mobile,English,2025-02-26 03:39:21,pending,yes,suspended,paid
U1585,female,1976-05-02,Deannabury,tablet,French,2025-05-17 11:00:54,pending,yes,suspended,organic
U1586,female,2000-05-15,Kimberlytown,tablet,French,2025-03-29 13:47:16,registered,no,suspended,social
U1587,female,1973-06-15,Lake Peter,tablet,English,2025-02-09 14:18:38,registered,yes,suspended,email
U1588,male,1975-10-05,Cruzbury,mobile,German,2025-05-07 00:13:24,pending,yes,inactive,social
U1589,male,2002-11-23,New Pamelatown,tablet,English,2025-04-10 02:50:22,pending,no,active,referral
U1590,male,1981-01-03,South Michelle,desktop,Spanish,2025-05-20 08:50:40,registered,yes,active,email
U1591,female,1988-02-11,Amyburgh,mobile,German,2025-05-01 11:05:14,registered,yes,suspended,paid
U1592,male,1964-06-10,New Carlosview,mobile,Spanish,2025-03-12 21:26:05,guest,yes,inactive,email
U1593,male,1962-03-08,Port Raymondport,mobile,English,2025-05-07 07:03:26,pending,yes,suspended,referral
U1594,female,1987-09-29,Milesland,tablet,English,2025-05-14 04:34:23,pending,no,active,paid
U1595,female,1996-01-23,West Christopher,desktop,French,2025-02-14 08:16:01,registered,no,inactive,social
U1596,female,1994-04-08,Port Eric,mobile,English,2025-04-03 10:46:00,registered,yes,suspended,paid
U1597,male,1986-01-23,West Hollybury,tablet,Spanish,2025-02-10 05:51:40,pending,yes,active,email
U1598,other,1976-02-10,South Darrenton,desktop,English,2025-03-31 01:23:46,pending,no,suspended,organic
U1599,female,2004-10-19,North Alexander,desktop,German,2025-02-25 15:27:11,pending,yes,active,organic
U1600,female,2007-03-18,East Tylerstad,mobile,French,2025-05-11 13:22:53,guest,yes,inactive,paid
U1601,female,1994-09-02,Garyberg,desktop,English,2025-03-23 04:31:59,registered,no,active,paid
U1602,male,1967-07-05,West Lindsayview,tablet,English,2025-05-11 17:20:15,guest,yes,inactive,email
U1603,female,1963-10-27,Jennifershire,mobile,Spanish,2025-02-13 23:10:20,registered,yes,suspended,email
U1604,male,1993-03-27,Dixonton,tablet,French,2025-05-07 00:21:04,guest,no,inactive,referral
U1605,female,1998-01-19,West Eric,mobile,Spanish,2025-02-18 23:34:17,registered,no,active,email
U1606,female,1998-07-12,East Joycetown,desktop,English,2025-02-07 13:13:53,guest,yes,active,organic
U1607,female,1960-04-23,North Thomas,tablet,French,2025-04-14 08:48:49,pending,yes,inactive,paid
U1608,female,1969-09-08,Port Austin,mobile,English,2025-04-21 10:24:09,guest,no,suspended,paid
U1609,female,1974-10-02,Johnmouth,mobile,Spanish,2025-03-23 16:09:13,registered,yes,suspended,social
U1610,female,1964-10-09,Davidton,desktop,Spanish,2025-03-05 19:48:18,registered,no,active,social
U1611,female,1974-08-30,South Caseymouth,mobile,English,2025-03-25 19:38:43,guest,no,inactive,organic
U1612,female,1980-08-13,Christophermouth,tablet,English,2025-01-31 13:08:20,pending,yes,suspended,organic
U1613,male,1984-07-30,West Anne,tablet,Spanish,2025-03-30 00:19:12,registered,yes,suspended,social
U1614,female,2001-11-06,South Micheal,mobile,Spanish,2025-05-05 19:13:38,pending,yes,active,email
U1615,female,1972-10-09,East Adam,desktop,German,2025-04-19 14:54:24,guest,yes,inactive,organic
U1616,male,1961-02-06,New Michael,desktop,Spanish,2025-01-31 20:42:54,registered,no,inactive,email
U1617,male,1982-04-09,Port Dianeport,tablet,German,2025-02-19 04:26:15,pending,yes,suspended,referral
U1618,other,1973-06-09,South Travis,mobile,German,2025-02-10 15:07:52,pending,yes,active,social
U1619,female,1969-02-28,Christopherbury,mobile,German,2025-05-10 22:15:12,registered,yes,inactive,paid
U1620,male,1987-08-01,Stephenland,mobile,English,2025-05-22 18:35:14,pending,yes,suspended,social
U1621,male,1965-12-23,Lake Lori,desktop,Spanish,2025-02-13 12:44:07,pending,yes,suspended,paid
U1622,male,1999-10-02,South Elaineberg,desktop,English,2025-03-16 23:26:10,guest,no,suspended,organic
U1623,female,1979-04-28,Melissafurt,tablet,German,2025-04-03 08:26:33,guest,no,suspended,social
U1624,female,1981-02-12,Nelsonland,tablet,German,2025-03-10 08:42:33,pending,yes,inactive,referral
U1625,female,1968-09-26,East Danielmouth,mobile,German,2025-04-30 11:58:27,registered,no,suspended,referral
U1626,male,1980-11-04,Martinezstad,mobile,English,2025-03-11 07:39:17,pending,no,inactive,social
U1627,male,1990-03-24,Stevenville,desktop,English,2025-02-16 13:23:30,pending,yes,suspended,organic
U1628,female,1970-03-14,Margaretton,mobile,English,2025-03-12 18:04:10,registered,no,inactive,organic
U1629,female,1981-10-12,North Jennifer,mobile,French,2025-04-09 01:52:53,pending,yes,inactive,organic
U1630,female,1986-06-09,Lake Kentburgh,mobile,German,2025-02-05 00:51:10,pending,yes,inactive,organic
U1631,female,1986-12-29,Hawkinsside,tablet,German,2025-03-19 12:23:51,pending,yes,suspended,social
U1632,other,1965-12-02,Garciaberg,desktop,English,2025-02-22 14:00:47,registered,yes,suspended,email
U1633,male,1960-04-15,Port Kimberlybury,tablet,French,2025-02-24 09:10:37,pending,no,inactive,organic
U1634,female,1972-12-15,Watsonland,mobile,French,2025-05-23 01:49:32,guest,no,active,paid
U1635,female,1999-05-12,Samanthaland,tablet,French,2025-02-03 05:35:46,registered,no,suspended,referral
U1636,female,1963-11-11,Lake Scott,desktop,Spanish,2025-02-24 00:12:43,pending,no,active,referral
U1637,male,1965-09-25,Davidmouth,mobile,French,2025-02-08 19:59:19,guest,yes,inactive,paid
U1638,male,1970-11-27,Underwoodfurt,mobile,French,2025-05-06 08:06:59,guest,yes,suspended,referral
U1639,female,1961-06-24,Vegaburgh,mobile,German,2025-04-08 17:29:42,guest,yes,active,email
U1640,female,1974-01-31,West Joshua,tablet,Spanish,2025-02-27 20:40:21,guest,no,active,referral
U1641,female,1961-10-31,Lake Kenneth,mobile,German,2025-04-20 00:01:22,pending,yes,suspended,paid
U1642,female,1996-12-12,Brownview,mobile,German,2025-04-14 08:58:50,guest,yes,active,referral
U1643,male,1968-10-24,Gonzalezhaven,mobile,Spanish,2025-03-19 09:06:45,guest,no,inactive,referral
U1644,female,2002-05-25,South Kimberlystad,tablet,Spanish,2025-05-03 03:29:29,guest,yes,inactive,organic
U1645,male,1996-07-12,Coopershire,mobile,French,2025-05-07 13:19:20,registered,yes,suspended,paid
U1646,male,1981-05-11,Nelsontown,tablet,English,2025-04-01 22:04:37,registered,yes,suspended,social
U1647,male,2000-02-09,North Paula,desktop,English,2025-03-25 13:14:28,registered,no,suspended,social
U1648,male,1963-06-18,Morenoshire,mobile,English,2025-03-16 04:45:00,pending,yes,inactive,organic
U1649,female,1970-05-03,East Dianeview,desktop,English,2025-05-13 15:10:25,pending,yes,suspended,paid
U1650,female,1963-04-12,New Meghan,desktop,German,2025-04-15 10:10:48,pending,yes,suspended,organic
U1651,male,1983-08-14,East Joel,desktop,French,2025-04-01 18:00:27,registered,yes,active,social
U1652,female,2006-12-12,Robintown,mobile,English,2025-04-08 06:57:27,pending,no,inactive,email
U1653,female,1998-02-07,New Stacy,mobile,German,2025-05-05 13:56:34,guest,yes,active,referral
U1654,female,1996-05-13,Gregoryton,desktop,Spanish,2025-02-16 12:37:47,guest,no,inactive,email
U1655,male,1963-04-19,New Jeffery,tablet,Spanish,2025-05-12 05:25:40,registered,yes,suspended,organic
U1656,female,1992-01-01,West Samanthaborough,desktop,German,2025-02-24 08:07:31,guest,yes,suspended,organic
U1657,female,1982-08-30,Port Megan,mobile,Spanish,2025-04-02 20:01:59,registered,yes,suspended,organic
U1658,male,1963-07-12,East Brendaberg,desktop,French,2025-02-20 12:55:38,pending,yes,active,social
U1659,male,1995-04-16,Susanstad,tablet,English,2025-04-16 19:36:32,guest,yes,active,organic
U1660,female,1999-05-09,West Kevinberg,desktop,German,2025-03-01 14:01:16,pending,yes,inactive,referral
U1661,male,1989-03-15,Banksburgh,tablet,German,2025-05-19 03:00:14,guest,yes,active,organic
U1662,female,2006-09-02,Jeffreyshire,mobile,French,2025-03-05 01:11:52,registered,yes,active,email
U1663,male,1985-03-22,Jessicaport,mobile,German,2025-02-23 17:29:11,registered,yes,active,social
U1664,female,1971-07-26,Lake Stacyfurt,mobile,French,2025-05-20 04:39:40,registered,no,suspended,paid
U1665,female,1961-09-04,New Lucas,mobile,Spanish,2025-05-28 17:14:33,registered,yes,suspended,email
U1666,female,1974-07-04,South Donaldland,desktop,English,2025-03-17 05:08:29,guest,yes,active,paid
U1667,female,1983-01-28,Garyland,tablet,Spanish,2025-04-05 04:42:21,guest,no,suspended,referral
U1668,male,1989-11-13,West Jasonland,desktop,Spanish,2025-04-08 01:21:38,guest,no,active,email
U1669,female,1976-12-09,Lake Aaronfurt,desktop,French,2025-04-25 02:15:13,guest,no,suspended,social
U1670,female,1988-01-12,South Trevor,desktop,Spanish,2025-04-13 12:55:42,pending,no,suspended,email
U1671,male,1983-05-17,Garciafort,tablet,German,2025-05-22 05:56:01,pending,no,inactive,organic
U1672,male,2003-10-09,East Shannon,tablet,German,2025-02-05 11:42:53,pending,no,inactive,email
U1673,male,1979-07-17,West Joseville,mobile,French,2025-02-13 09:47:56,pending,no,active,organic
U1674,male,1982-09-25,South Eugene,mobile,Spanish,2025-02-13 13:32:11,pending,yes,inactive,paid
U1675,other,1996-09-12,West Brookefort,tablet,German,2025-02-05 00:26:19,registered,yes,inactive,referral
U1676,male,1988-10-28,New Pamela,desktop,Spanish,2025-03-01 12:09:24,registered,yes,suspended,referral
U1677,male,1963-02-13,West Jamieborough,tablet,French,2025-04-19 11:22:56,guest,yes,inactive,organic
U1678,female,2006-12-01,Donnaport,desktop,German,2025-03-17 03:03:18,registered,yes,inactive,referral
U1679,female,1966-01-01,South Ashleyfort,tablet,French,2025-02-28 19:46:51,pending,yes,inactive,organic
U1680,female,1963-03-08,Adamland,tablet,Spanish,2025-03-28 04:41:59,pending,no,active,referral
U1681,female,2004-07-10,Gonzaleztown,mobile,French,2025-03-11 04:28:14,registered,no,suspended,paid
U1682,male,1971-02-06,Tiffanyfort,desktop,Spanish,2025-02-21 10:18:38,registered,no,active,paid
U1683,female,1980-06-16,Ruizview,mobile,French,2025-02-16 16:43:43,guest,yes,inactive,paid
U1684,male,2003-02-25,Lopezfurt,desktop,French,2025-04-11 17:32:11,pending,yes,active,email
U1685,male,1972-03-03,Williamsmouth,desktop,Spanish,2025-04-30 07:19:37,guest,yes,active,social
U1686,male,1977-05-25,Port Joseph,desktop,German,2025-02-10 23:15:37,guest,no,active,email
U1687,female,1969-10-04,North Elizabethside,mobile,German,2025-04-20 09:19:03,registered,no,suspended,social
U1688,male,1999-08-09,New Bruce,desktop,English,2025-04-15 04:02:42,pending,no,inactive,organic
U1689,female,1995-01-13,Sheppardfort,desktop,English,2025-05-21 05:02:31,registered,no,inactive,paid
U1690,male,1975-07-05,Evansfurt,mobile,English,2025-02-05 17:50:47,registered,yes,inactive,referral
U1691,male,1993-08-22,North Stacy,mobile,German,2025-04-27 04:40:36,guest,yes,inactive,referral
U1692,male,1971-03-28,East Lindsey,tablet,Spanish,2025-02-23 12:04:09,registered,yes,inactive,social
U1693,male,1962-05-18,Millerchester,mobile,German,2025-03-10 05:00:43,registered,no,inactive,organic
U1694,male,2002-02-26,Port Brooke,desktop,Spanish,2025-04-02 02:08:26,guest,yes,active,paid
U1695,female,1964-01-13,South Angelaside,tablet,Spanish,2025-04-03 07:51:39,pending,yes,suspended,referral
U1696,male,1978-04-09,Starktown,tablet,Spanish,2025-05-30 23:39:37,pending,yes,suspended,email
U1697,female,1999-06-17,Rodriguezberg,tablet,German,2025-02-27 18:39:39,registered,yes,inactive,organic
U1698,female,1998-01-11,North Annaville,desktop,German,2025-03-26 13:17:21,registered,no,suspended,paid
U1699,male,1995-12-04,Natalieview,mobile,English,2025-04-14 09:06:43,guest,no,suspended,referral
U1700,male,2004-01-12,Armstrongfort,tablet,Spanish,2025-02-06 06:36:09,guest,no,active,social
U1701,male,1971-03-12,Richardfurt,mobile,English,2025-02-06 12:44:22,guest,yes,inactive,organic
U1702,female,1986-05-29,Hannahton,desktop,German,2025-05-02 06:40:38,registered,yes,active,referral
U1703,female,1977-10-01,Andrewport,mobile,Spanish,2025-03-31 09:07:43,pending,yes,suspended,email
U1704,female,1978-07-21,Garrisonville,desktop,French,2025-03-15 06:21:30,guest,no,active,organic
U1705,female,1968-08-14,Terrimouth,tablet,French,2025-04-02 07:21:17,guest,yes,suspended,paid
U1706,female,1977-10-22,Jacobsland,tablet,English,2025-03-07 11:50:37,registered,yes,inactive,referral
U1707,male,1989-07-13,Port Richard,desktop,French,2025-05-04 01:44:55,guest,yes,suspended,paid
U1708,female,1994-08-15,Lorihaven,mobile,German,2025-03-01 20:51:55,registered,no,active,paid
U1709,female,1963-12-09,Jennafurt,desktop,Spanish,2025-02-25 08:10:26,pending,no,active,organic
U1710,female,1995-02-25,East Jamesborough,desktop,English,2025-02-10 04:33:49,registered,no,active,paid
U1711,female,1976-06-14,South Brentstad,desktop,English,2025-03-09 15:55:07,guest,no,active,organic
U1712,male,1978-02-12,Madisonhaven,desktop,English,2025-04-17 01:53:06,pending,no,inactive,organic
U1713,female,2002-09-18,Lake Anthonystad,tablet,Spanish,2025-05-04 21:54:40,registered,yes,suspended,paid
U1714,female,1999-11-25,Thompsonfort,tablet,Spanish,2025-05-23 23:03:36,guest,yes,inactive,referral
U1715,female,1996-12-28,Maxview,tablet,German,2025-02-16 13:15:24,registered,no,suspended,paid
U1716,female,1978-11-15,South Brandonshire,tablet,Spanish,2025-03-12 14:47:49,registered,yes,inactive,organic
U1717,female,1974-07-15,Lake Jamie,desktop,Spanish,2025-04-19 12:26:30,guest,yes,active,social
U1718,female,1994-05-27,Port Kimberlytown,mobile,French,2025-05-02 01:27:11,registered,no,active,organic
U1719,female,1968-06-23,New Lauren,mobile,English,2025-03-14 10:50:38,registered,no,active,social
U1720,male,1976-08-25,Jenniferview,tablet,English,2025-04-22 07:04:58,registered,yes,active,paid
U1721,male,1985-02-03,Stephenborough,desktop,English,2025-04-30 14:58:13,guest,no,suspended,social
U1722,female,1980-01-13,Silvatown,tablet,Spanish,2025-05-09 07:49:36,registered,no,inactive,organic
U1723,female,2004-07-18,Annaport,desktop,French,2025-03-28 22:59:55,registered,yes,inactive,referral
U1724,female,2006-01-18,South Calebview,tablet,French,2025-04-03 03:14:54,registered,no,active,referral
U1725,male,1978-04-26,Dianaport,mobile,French,2025-03-07 13:49:17,registered,no,inactive,referral
U1726,male,1969-09-04,North Linda,tablet,English,2025-05-26 12:21:28,guest,no,inactive,organic
U1727,female,1986-12-21,Erintown,tablet,English,2025-05-06 13:55:31,guest,yes,active,referral
U1728,male,1979-08-04,Rebeccafurt,tablet,Spanish,2025-04-15 09:29:32,pending,yes,active,email
U1729,female,1961-11-16,West Jessica,desktop,French,2025-03-14 04:17:15,guest,no,suspended,social
U1730,female,2006-03-06,Knoxstad,desktop,Spanish,2025-05-08 12:15:30,registered,yes,active,organic
U1731,female,1979-11-26,Port Diane,tablet,German,2025-05-18 09:37:28,registered,yes,suspended,referral
U1732,male,1971-10-20,Connorberg,tablet,German,2025-03-21 05:24:17,pending,yes,suspended,social
U1733,female,1997-07-07,Lake Rachel,tablet,English,2025-02-16 08:10:02,registered,no,active,paid
U1734,male,1974-08-07,Jeffreyport,mobile,German,2025-04-21 15:32:39,guest,yes,suspended,paid
U1735,male,1982-01-07,Jorgeport,desktop,English,2025-04-30 01:16:52,pending,yes,active,organic
U1736,male,1967-06-28,Brownshire,desktop,French,2025-05-22 16:27:18,guest,no,active,organic
U1737,male,2001-09-16,South Pamelahaven,tablet,German,2025-02-22 06:22:57,registered,yes,active,email
U1738,female,2005-10-17,Morenochester,desktop,Spanish,2025-02-09 11:56:49,guest,no,inactive,social
U1739,female,1969-09-25,East Matthew,desktop,English,2025-05-20 13:36:46,registered,no,suspended,social
U1740,male,1990-08-11,West Michelle,desktop,Spanish,2025-03-06 00:31:24,guest,yes,inactive,organic
U1741,female,1964-12-21,Cookburgh,mobile,French,2025-03-31 20:36:55,pending,no,active,paid
U1742,female,2002-08-26,North Shannonborough,mobile,Spanish,2025-03-03 17:45:35,pending,yes,active,referral
U1743,male,1998-09-09,South Kristen,desktop,German,2025-02-16 02:18:08,pending,no,suspended,organic
U1744,female,1968-04-12,Schultzfurt,tablet,English,2025-04-23 07:24:12,pending,no,suspended,referral
U1745,male,1991-12-17,Smithside,desktop,English,2025-03-09 17:20:15,registered,no,inactive,referral
U1746,male,1984-11-11,West Katherinehaven,mobile,French,2025-03-08 00:09:06,pending,yes,suspended,organic
U1747,female,1960-09-10,Lake Jessicabury,desktop,French,2025-04-06 20:47:10,registered,yes,inactive,email
U1748,male,1980-09-17,North Patrick,mobile,German,2025-05-24 07:24:15,pending,yes,inactive,organic
U1749,male,1980-04-21,North Madison,tablet,German,2025-03-28 21:43:23,guest,no,suspended,organic
U1750,female,1979-04-07,Lunahaven,mobile,Spanish,2025-04-05 14:25:33,pending,no,suspended,paid
U1751,male,1988-12-25,West Wendy,mobile,Spanish,2025-05-05 04:23:53,registered,yes,suspended,paid
U1752,female,1983-12-03,East Stacy,mobile,Spanish,2025-04-18 07:56:28,guest,yes,inactive,email
U1753,male,1960-10-10,East Jessica,desktop,Spanish,2025-02-24 11:27:47,registered,no,suspended,social
U1754,female,1973-11-05,New Williamville,desktop,German,2025-04-11 04:26:23,registered,no,suspended,referral
U1755,male,2003-09-29,South Nancyview,mobile,French,2025-05-13 20:02:18,guest,yes,inactive,email
U1756,male,2001-11-17,New Virginiaville,tablet,French,2025-02-02 20:00:11,guest,yes,active,referral
U1757,male,1962-10-03,South Seanville,tablet,French,2025-05-16 06:31:14,guest,yes,inactive,email
U1758,female,1976-09-02,Milesborough,tablet,French,2025-01-31 19:21:44,guest,yes,active,email
U1759,female,1979-12-19,Stanleyhaven,desktop,English,2025-03-23 10:11:04,guest,yes,suspended,organic
U1760,male,2001-11-08,South Maria,desktop,German,2025-02-19 08:56:08,pending,no,active,organic
U1761,female,1994-04-15,West Danielville,mobile,Spanish,2025-05-06 15:37:55,guest,no,suspended,referral
U1762,female,1972-12-28,Port Jose,mobile,French,2025-05-11 14:02:15,guest,no,active,social
U1763,female,1973-03-13,Jadeport,desktop,French,2025-03-02 03:23:42,pending,no,active,paid
U1764,male,1962-02-26,Lozanofort,mobile,English,2025-04-04 04:43:28,pending,yes,active,email
U1765,female,1975-06-07,North Emilyville,desktop,French,2025-05-21 11:44:44,guest,yes,suspended,referral
U1766,male,2004-12-31,Hernandezland,tablet,German,2025-05-09 08:43:11,registered,no,active,email
U1767,female,1964-07-31,West Dawnmouth,tablet,English,2025-03-28 11:33:48,pending,yes,inactive,email
U1768,male,1977-06-12,Williamsburgh,tablet,French,2025-02-06 15:49:29,pending,no,active,paid
U1769,female,1979-04-01,Lauriemouth,tablet,French,2025-04-22 17:16:53,registered,no,inactive,organic
U1770,female,1967-05-12,Port Katherineton,tablet,French,2025-01-31 21:04:34,pending,no,active,email
U1771,female,1968-11-21,West Michael,mobile,Spanish,2025-04-24 23:53:50,guest,no,inactive,paid
U1772,female,2001-10-15,Natalieland,tablet,Spanish,2025-04-12 08:32:42,guest,yes,active,social
U1773,female,1982-10-18,North Richard,tablet,Spanish,2025-04-28 15:37:28,pending,no,active,paid
U1774,male,1977-12-21,Vaughnfort,mobile,German,2025-04-21 21:27:00,registered,no,suspended,organic
U1775,female,2003-08-18,North David,mobile,English,2025-02-10 09:18:43,registered,yes,active,organic
U1776,male,1970-04-27,South Rhondafort,tablet,Spanish,2025-05-20 11:28:06,guest,no,inactive,organic
U1777,male,2005-08-21,Whitefurt,tablet,English,2025-04-09 15:11:31,registered,yes,active,paid
U1778,female,2001-01-28,Port Gabrielleberg,mobile,French,2025-05-03 19:18:51,pending,yes,suspended,referral
U1779,female,1992-09-09,South Scottland,tablet,Spanish,2025-03-21 19:12:15,registered,no,suspended,paid
U1780,female,2004-01-17,Alexanderhaven,mobile,English,2025-05-21 23:22:44,guest,yes,active,referral
U1781,male,1997-12-03,Lake Morgan,mobile,English,2025-05-10 19:10:47,guest,no,inactive,referral
U1782,female,1995-01-26,South Dorothybury,mobile,German,2025-05-03 13:57:18,guest,no,suspended,social
U1783,female,1983-01-01,Hernandezside,mobile,English,2025-05-29 00:23:10,pending,yes,active,social
U1784,female,1963-03-10,Lake Sarahhaven,tablet,Spanish,2025-05-01 03:02:41,pending,no,suspended,paid
U1785,male,1993-03-20,North Karen,desktop,German,2025-04-02 06:15:42,guest,yes,suspended,referral
U1786,male,1975-11-13,Taraton,tablet,English,2025-05-08 10:27:42,registered,no,inactive,organic
U1787,female,1974-08-18,Powellbury,mobile,Spanish,2025-02-14 07:22:37,guest,yes,active,organic
U1788,female,1990-09-18,Solismouth,mobile,Spanish,2025-02-16 02:12:08,guest,yes,inactive,organic
U1789,male,1993-05-24,Stewartfort,desktop,French,2025-02-02 10:48:36,registered,no,active,referral
U1790,male,1966-06-17,Gutierrezside,tablet,Spanish,2025-05-16 14:59:09,registered,no,active,social
U1791,female,1959-06-27,Port Cassandraport,mobile,English,2025-05-08 17:01:32,pending,no,inactive,paid
U1792,male,1997-09-27,Lake Emily,desktop,French,2025-04-06 04:29:44,registered,no,suspended,social
U1793,female,1984-03-13,Port Jeffreymouth,tablet,English,2025-04-04 11:06:16,pending,yes,active,paid
U1794,male,1997-08-04,Moranstad,mobile,German,2025-04-27 20:57:14,registered,yes,active,email
U1795,female,1967-03-27,Port Donnatown,tablet,French,2025-04-06 06:50:22,guest,yes,inactive,paid
U1796,female,1983-08-23,Amystad,mobile,French,2025-02-19 15:29:51,registered,no,active,referral
U1797,female,1962-08-03,South Donald,mobile,French,2025-04-19 11:03:37,guest,yes,suspended,referral
U1798,male,1966-10-02,Cherylborough,desktop,English,2025-02-22 10:42:58,registered,no,inactive,referral
U1799,female,1986-03-18,South Makayla,mobile,French,2025-03-08 00:09:41,registered,yes,inactive,organic
U1800,other,1982-06-21,Port Robertshire,tablet,French,2025-02-22 22:14:34,registered,yes,active,email
U1801,female,1990-02-17,Barretthaven,tablet,English,2025-02-25 03:26:57,guest,yes,inactive,paid
U1802,female,1993-06-02,New Jillside,mobile,French,2025-04-24 01:02:33,registered,yes,active,paid
U1803,female,1999-04-17,Glassburgh,mobile,German,2025-05-22 08:15:31,registered,yes,inactive,social
U1804,male,1971-04-17,North Paul,tablet,Spanish,2025-05-26 14:44:50,registered,no,active,organic
U1805,male,2000-09-21,Williamfurt,tablet,French,2025-04-21 07:07:08,pending,yes,suspended,email
U1806,male,2000-11-30,West Raymond,desktop,Spanish,2025-04-06 13:50:16,guest,no,inactive,paid
U1807,female,1979-06-29,Ballardberg,tablet,Spanish,2025-04-20 03:31:59,registered,yes,active,referral
U1808,female,2000-06-22,Meganside,desktop,Spanish,2025-03-31 22:55:49,pending,no,suspended,paid
U1809,male,1997-02-22,East Jason,tablet,Spanish,2025-03-27 10:11:54,registered,yes,inactive,paid
U1810,female,2006-03-13,Samanthaberg,desktop,English,2025-03-05 12:40:02,guest,yes,suspended,paid
U1811,female,1993-10-06,Jenniferstad,tablet,English,2025-05-19 04:24:56,registered,no,active,referral
U1812,female,1992-02-29,Craigside,desktop,French,2025-03-26 12:31:15,guest,yes,inactive,paid
U1813,female,1988-03-20,New Danielfurt,desktop,German,2025-02-27 05:16:17,pending,no,suspended,paid
U1814,male,1963-01-31,East Josephburgh,tablet,English,2025-03-26 15:43:30,guest,yes,suspended,organic
U1815,female,2005-12-23,Dwayneton,tablet,Spanish,2025-03-28 07:27:17,guest,no,active,organic
U1816,female,1973-05-10,West Lisaville,desktop,English,2025-05-29 15:16:30,registered,no,suspended,social
U1817,male,2005-06-11,Lake Deborah,tablet,French,2025-04-15 12:20:35,pending,yes,inactive,paid
U1818,male,1975-08-23,Heatherton,mobile,French,2025-04-14 02:18:14,guest,yes,active,social
U1819,female,1985-11-05,Fryemouth,desktop,French,2025-05-17 05:05:13,pending,yes,suspended,organic
U1820,male,1963-02-19,Lake Johnmouth,tablet,Spanish,2025-03-14 19:07:55,registered,no,inactive,social
U1821,female,2002-08-08,Kariside,mobile,French,2025-05-27 03:59:13,registered,no,suspended,paid
U1822,female,1972-11-04,West Shane,mobile,Spanish,2025-02-13 11:03:02,registered,yes,suspended,social
U1823,female,1972-03-13,Lake Willie,tablet,English,2025-04-13 05:52:16,registered,yes,suspended,paid
U1824,female,1962-03-28,Ramirezview,tablet,German,2025-02-24 06:09:14,guest,no,active,social
U1825,female,1970-06-04,Adammouth,tablet,French,2025-03-01 01:26:48,guest,no,active,paid
U1826,female,1962-03-11,West Candice,tablet,Spanish,2025-05-29 12:56:39,registered,no,inactive,organic
U1827,female,2004-07-07,Tracyshire,tablet,German,2025-05-16 19:55:56,registered,no,active,social
U1828,male,1983-11-04,Port Jasminehaven,tablet,Spanish,2025-03-13 17:05:50,registered,yes,suspended,email
U1829,female,1971-12-27,Port Williamchester,mobile,Spanish,2025-05-15 10:56:13,pending,yes,inactive,social
U1830,male,1996-01-08,Davisbury,desktop,French,2025-03-12 10:18:02,registered,yes,active,referral
U1831,male,2004-08-12,Markport,desktop,English,2025-03-13 10:01:43,guest,yes,suspended,social
U1832,male,2001-07-19,Barajastown,tablet,German,2025-02-21 06:38:34,pending,no,suspended,email
U1833,female,2004-12-29,Seanbury,desktop,Spanish,2025-02-06 17:50:29,registered,no,inactive,email
U1834,male,2005-12-02,Patrickville,tablet,English,2025-04-14 22:18:43,pending,no,suspended,referral
U1835,female,1976-12-07,Angelhaven,mobile,English,2025-04-12 19:25:52,pending,yes,suspended,paid
U1836,female,1994-06-22,Tuckerport,desktop,English,2025-03-08 09:10:21,pending,yes,inactive,referral
U1837,female,1981-04-09,North Garyside,desktop,English,2025-05-13 12:55:09,registered,no,suspended,referral
U1838,male,1959-12-22,East Ellenborough,desktop,French,2025-04-22 08:57:33,guest,no,active,email
U1839,male,1966-07-19,New Maria,mobile,French,2025-04-24 12:21:17,guest,no,inactive,social
U1840,male,2003-06-22,Lake Ginatown,tablet,German,2025-04-29 04:08:40,guest,yes,active,email
U1841,female,1982-01-17,North Charlesburgh,desktop,German,2025-03-19 21:58:34,pending,yes,suspended,email
U1842,female,1997-06-14,New Lorraineview,desktop,Spanish,2025-04-19 03:42:23,guest,yes,inactive,organic
U1843,female,1985-11-17,Mccoychester,mobile,English,2025-04-01 10:33:02,pending,yes,inactive,social
U1844,female,1960-08-15,Nunezside,desktop,Spanish,2025-01-31 03:29:27,pending,yes,active,referral
U1845,male,2003-02-14,Port Julieton,tablet,English,2025-02-13 02:17:28,registered,no,inactive,social
U1846,female,1983-10-25,West Kristinport,tablet,Spanish,2025-05-27 18:48:06,registered,yes,inactive,organic
U1847,male,1965-05-12,Kathymouth,mobile,French,2025-04-14 01:30:57,registered,no,inactive,organic
U1848,female,1986-05-12,South Ericbury,desktop,Spanish,2025-02-25 11:35:01,guest,no,active,referral
U1849,female,1986-01-30,Susanberg,tablet,French,2025-03-28 21:02:38,pending,no,active,email
U1850,female,2005-07-25,Susantown,mobile,Spanish,2025-05-17 11:36:34,pending,no,inactive,email
U1851,female,1997-03-31,North Bobby,tablet,French,2025-05-21 05:03:43,pending,no,active,paid
U1852,female,2000-01-28,Medinaland,tablet,English,2025-03-30 03:57:49,registered,no,inactive,social
U1853,female,1973-10-07,Jasonhaven,tablet,English,2025-02-26 15:53:20,registered,no,active,organic
U1854,male,1970-06-05,East Christina,tablet,Spanish,2025-03-20 01:51:43,guest,no,suspended,social
U1855,female,1972-09-12,East Emilyshire,mobile,French,2025-02-09 13:28:04,guest,no,active,organic
U1856,female,1996-10-27,Newmanland,desktop,English,2025-03-27 10:32:22,guest,no,active,paid
U1857,female,2005-03-07,West Coreyshire,desktop,Spanish,2025-05-04 14:28:18,registered,yes,inactive,referral
U1858,male,1981-12-27,Davidbury,desktop,German,2025-02-18 10:14:37,registered,no,active,referral
U1859,female,1978-11-17,East Louismouth,desktop,German,2025-04-03 18:12:13,pending,yes,suspended,organic
U1860,female,2001-06-01,Heatherberg,tablet,Spanish,2025-05-19 19:39:48,registered,no,inactive,email
U1861,female,1998-01-18,Lindseychester,desktop,French,2025-03-03 17:55:01,registered,yes,active,paid
U1862,male,1959-10-21,Johnbury,mobile,German,2025-04-24 16:29:07,pending,yes,suspended,paid
U1863,female,1978-04-20,Dennismouth,desktop,Spanish,2025-05-03 04:44:51,registered,no,suspended,email
U1864,female,1990-12-21,Howardport,tablet,German,2025-05-04 13:27:04,registered,no,suspended,email
U1865,male,1997-01-05,East Debbieland,tablet,German,2025-03-25 11:45:54,registered,yes,inactive,organic
U1866,female,1968-12-31,West Jessica,tablet,French,2025-02-13 20:20:25,pending,no,active,email
U1867,female,1964-08-09,Port Williamtown,tablet,French,2025-05-22 23:48:22,registered,no,suspended,email
U1868,male,1998-11-13,Hammondborough,tablet,German,2025-02-06 02:49:50,guest,yes,inactive,paid
U1869,female,1997-01-03,Amyside,tablet,English,2025-05-01 16:09:49,pending,yes,suspended,social
U1870,female,2003-12-21,West Philip,desktop,French,2025-05-24 11:44:19,registered,no,active,organic
U1871,female,1979-04-11,South Walter,desktop,Spanish,2025-02-16 14:00:44,pending,yes,inactive,paid
U1872,male,1986-06-23,Waynebury,desktop,French,2025-05-29 05:36:54,guest,yes,active,referral
U1873,female,2006-01-11,Port Willie,mobile,German,2025-04-26 15:32:16,pending,yes,active,email
U1874,female,1970-04-23,New Stacy,mobile,English,2025-02-27 09:20:13,guest,no,suspended,referral
U1875,female,1992-05-17,Billyfort,mobile,German,2025-03-16 00:01:58,pending,no,suspended,organic
U1876,female,1963-10-02,Miketon,desktop,English,2025-03-11 03:38:13,pending,no,inactive,organic
U1877,male,1994-09-19,Paulmouth,tablet,French,2025-02-08 00:24:51,guest,yes,inactive,organic
U1878,male,1962-03-10,Dakotahaven,desktop,Spanish,2025-03-24 02:34:49,registered,yes,inactive,referral
U1879,female,1977-05-23,South Desiree,mobile,German,2025-04-10 22:24:22,guest,no,inactive,email
U1880,female,1999-06-19,New Johnbury,tablet,Spanish,2025-05-10 06:28:00,guest,no,active,email
U1881,female,1987-02-03,Lisastad,desktop,English,2025-05-04 12:56:21,guest,no,inactive,paid
U1882,female,1992-04-12,New Nicolemouth,mobile,French,2025-03-03 03:46:44,guest,yes,active,organic
U1883,female,1975-02-15,New Dawnborough,desktop,French,2025-02-28 04:10:15,registered,no,active,organic
U1884,male,1972-03-11,West Carolyn,tablet,English,2025-02-21 23:27:31,guest,yes,suspended,email
U1885,male,2004-06-17,South Lisa,desktop,German,2025-02-21 00:11:47,registered,no,active,organic
U1886,female,1992-03-29,Mendozashire,mobile,Spanish,2025-03-02 07:27:43,registered,no,suspended,referral
U1887,male,2003-07-09,Johnsonton,desktop,French,2025-02-23 19:59:16,guest,yes,inactive,social
U1888,female,1998-07-02,East Crystal,tablet,Spanish,2025-02-06 14:38:33,registered,no,active,referral
U1889,female,1998-06-01,North Gabriel,mobile,German,2025-03-05 23:02:08,registered,yes,suspended,organic
U1890,female,1994-08-19,Greeneshire,desktop,German,2025-02-02 14:46:32,pending,yes,suspended,referral
U1891,female,2004-07-03,Staceyborough,desktop,English,2025-04-27 05:26:21,registered,no,inactive,referral
U1892,male,2000-09-30,Dillonburgh,mobile,French,2025-03-13 14:18:34,pending,yes,suspended,social
U1893,female,1987-06-05,Port Brandi,mobile,Spanish,2025-03-06 07:38:29,pending,no,inactive,organic
U1894,female,2001-11-19,Garymouth,mobile,German,2025-04-28 01:19:26,registered,no,active,referral
U1895,female,2000-01-25,East Nicholasberg,mobile,English,2025-02-20 01:58:24,pending,no,inactive,paid
U1896,female,1960-08-07,New Michele,mobile,Spanish,2025-05-07 22:29:08,guest,no,suspended,social
U1897,male,2006-01-17,Serranoville,desktop,Spanish,2025-03-05 10:50:50,guest,no,active,referral
U1898,female,1991-11-09,Port Amandaville,tablet,French,2025-02-17 02:17:48,pending,yes,suspended,social
U1899,male,1992-04-16,New Amber,tablet,French,2025-01-30 05:35:36,registered,yes,suspended,referral
U1900,female,2005-08-25,Boydstad,tablet,English,2025-02-07 10:26:13,registered,yes,inactive,referral
U1901,male,2006-12-13,Perezfort,tablet,Spanish,2025-04-14 00:41:27,pending,yes,active,social
U1902,male,1983-04-30,South Dennisfort,desktop,Spanish,2025-03-16 03:35:18,pending,yes,active,organic
U1903,male,1965-03-06,Carmenside,desktop,German,2025-04-19 08:25:54,guest,yes,suspended,referral
U1904,male,1977-01-06,North Jenna,mobile,French,2025-01-31 09:09:14,registered,yes,suspended,organic
U1905,female,1998-10-21,New Adrianborough,tablet,French,2025-04-01 08:12:31,registered,no,active,social
U1906,male,1987-04-18,Danielchester,tablet,English,2025-05-23 16:01:22,registered,yes,suspended,organic
U1907,male,1976-09-25,Melissachester,desktop,German,2025-05-19 15:33:14,registered,no,inactive,email
U1908,male,1984-05-10,Victoriafurt,tablet,Spanish,2025-03-10 13:16:52,registered,yes,inactive,referral
U1909,female,1987-08-05,Whiteside,mobile,English,2025-05-17 18:04:27,registered,yes,inactive,social
U1910,female,1992-05-23,Vanessashire,mobile,German,2025-04-06 20:49:00,registered,yes,inactive,social
U1911,female,1986-07-26,Port Michelle,desktop,German,2025-02-22 02:58:47,guest,no,suspended,email
U1912,female,1975-02-09,Loganburgh,mobile,French,2025-02-18 11:19:56,registered,yes,inactive,email
U1913,female,1974-01-25,Hartmanside,mobile,French,2025-05-29 05:33:56,guest,yes,suspended,referral
U1914,male,2006-11-28,East Paultown,mobile,Spanish,2025-02-16 16:30:12,registered,no,suspended,email
U1915,female,1969-05-13,Frostchester,mobile,German,2025-02-16 02:45:55,guest,no,inactive,referral
U1916,female,1963-11-01,Jeffreyland,tablet,German,2025-05-28 06:16:48,registered,no,active,referral
U1917,male,1962-01-16,Ariasfurt,desktop,English,2025-05-29 05:17:13,pending,yes,active,paid
U1918,female,2004-02-16,Jenniferton,tablet,German,2025-03-05 00:49:21,pending,no,inactive,referral
U1919,female,2003-01-17,Gonzalesborough,tablet,French,2025-05-10 14:46:09,guest,yes,suspended,referral
U1920,male,1978-12-08,North Kristen,mobile,German,2025-05-09 03:19:31,registered,yes,active,social
U1921,female,1994-07-29,New Gavin,desktop,German,2025-02-06 00:03:25,pending,yes,inactive,email
U1922,male,1983-12-15,Lake Aaron,desktop,French,2025-03-01 13:44:44,guest,no,suspended,email
U1923,female,1965-05-20,Kimberlystad,mobile,French,2025-04-16 17:30:01,guest,yes,suspended,social
U1924,male,1987-01-24,New Alexis,tablet,Spanish,2025-02-12 07:46:45,guest,no,active,referral
U1925,female,1965-08-11,Jessicaside,desktop,English,2025-05-23 04:39:43,pending,no,inactive,organic
U1926,female,1983-02-28,Sylviaview,mobile,English,2025-03-14 22:36:48,registered,yes,inactive,organic
U1927,male,2000-09-26,South Sarah,desktop,German,2025-05-21 15:15:34,guest,yes,suspended,social
U1928,male,1959-10-16,Gregoryhaven,desktop,English,2025-02-19 16:09:45,pending,yes,active,paid
U1929,male,1997-06-27,New Kellyville,mobile,French,2025-05-09 16:05:21,pending,no,inactive,paid
U1930,female,1977-01-04,Heatherfurt,tablet,French,2025-05-19 08:33:21,pending,no,inactive,email
U1931,female,1992-05-20,Port Matthew,tablet,German,2025-04-29 02:23:19,pending,no,inactive,referral
U1932,male,2005-11-09,Mosleytown,desktop,French,2025-05-03 14:08:37,registered,no,suspended,organic
U1933,female,1967-05-21,Carlosbury,tablet,German,2025-03-15 15:33:07,guest,no,active,referral
U1934,male,1980-12-16,Moseshaven,tablet,German,2025-05-14 00:19:07,pending,yes,active,referral
U1935,female,1960-02-19,Johnland,mobile,German,2025-04-17 11:09:05,guest,no,suspended,paid
U1936,female,2005-04-26,Charlesburgh,tablet,German,2025-05-02 12:54:33,guest,no,suspended,organic
U1937,female,1980-10-31,Jefferyshire,mobile,French,2025-03-23 05:59:02,registered,no,inactive,paid
U1938,female,1971-11-30,South Jillian,tablet,English,2025-03-16 14:31:59,pending,no,suspended,social
U1939,female,1975-12-12,Jamieborough,mobile,French,2025-03-19 11:39:54,registered,no,inactive,email
U1940,female,2001-07-27,Ericville,tablet,Spanish,2025-02-22 06:40:27,pending,yes,suspended,paid
U1941,male,1964-10-24,Austinside,desktop,Spanish,2025-02-07 04:57:37,pending,no,inactive,paid
U1942,female,1992-04-17,Christinefort,mobile,French,2025-05-21 13:27:15,registered,yes,suspended,referral
U1943,female,1978-03-03,Whitehaven,tablet,German,2025-03-25 10:08:13,pending,no,inactive,organic
U1944,female,1986-07-20,Port Barbara,desktop,English,2025-02-09 12:20:55,registered,no,inactive,referral
U1945,female,1995-04-02,Mendozaside,mobile,French,2025-02-05 07:45:10,guest,no,inactive,organic
U1946,female,1993-09-01,Phillipburgh,tablet,Spanish,2025-04-28 18:41:16,pending,no,inactive,paid
U1947,male,1967-08-31,Stewarttown,mobile,Spanish,2025-02-01 07:05:06,guest,no,suspended,email
U1948,male,2005-05-06,South Bianca,desktop,French,2025-04-03 04:38:33,registered,yes,active,referral
U1949,female,1984-01-30,Jacobview,tablet,French,2025-03-17 01:08:54,pending,no,suspended,paid
U1950,male,1977-10-22,Mullenmouth,desktop,German,2025-04-11 01:19:48,registered,no,inactive,organic
U1951,female,1971-12-28,Colemanchester,desktop,Spanish,2025-04-12 07:05:19,guest,no,active,social
U1952,female,1984-04-26,Ramirezburgh,mobile,French,2025-05-20 22:57:44,pending,no,suspended,social
U1953,female,1968-05-25,Port Cory,desktop,German,2025-03-23 10:03:14,registered,yes,suspended,social
U1954,female,1975-07-09,Chaseborough,tablet,French,2025-02-27 07:40:51,registered,no,inactive,paid
U1955,female,1969-08-26,Shafferburgh,tablet,English,2025-04-21 20:25:43,guest,no,suspended,organic
U1956,male,1993-06-21,Port Crystal,mobile,German,2025-05-13 16:32:21,pending,no,active,organic
U1957,female,1980-12-16,Evansside,tablet,Spanish,2025-05-20 06:18:02,registered,yes,suspended,email
U1958,male,1962-09-20,Garciaburgh,mobile,Spanish,2025-02-10 15:47:23,registered,yes,active,social
U1959,female,1974-02-19,Thomasville,tablet,Spanish,2025-04-27 08:28:31,pending,yes,inactive,organic
U1960,female,1982-03-31,Michaelside,mobile,German,2025-05-18 06:05:55,guest,yes,active,organic
U1961,female,1977-01-04,Andrewville,mobile,French,2025-04-08 04:12:00,pending,no,active,email
U1962,female,2005-09-20,New Barbara,tablet,German,2025-05-14 13:18:14,guest,no,suspended,organic
U1963,female,1971-05-09,Michaelhaven,mobile,English,2025-05-04 15:53:07,pending,yes,active,referral
U1964,female,1989-11-20,South Christinamouth,tablet,German,2025-02-27 03:02:31,pending,no,inactive,social
U1965,male,1970-11-17,Robertshire,tablet,English,2025-04-18 14:22:39,guest,yes,active,email
U1966,female,1964-04-30,East Matthewmouth,desktop,French,2025-04-01 12:45:34,pending,no,inactive,referral
U1967,male,2003-11-29,Jenniferfurt,tablet,German,2025-03-23 16:06:27,pending,no,suspended,organic
U1968,male,1989-10-01,Juliehaven,tablet,German,2025-04-27 10:29:50,pending,no,active,referral
U1969,female,1987-08-24,East Melissa,tablet,English,2025-02-23 06:43:41,pending,yes,suspended,social
U1970,male,1975-06-10,Shelbyland,desktop,French,2025-03-11 21:20:03,guest,no,inactive,referral
U1971,female,1970-10-31,Garcialand,tablet,Spanish,2025-05-01 21:12:20,guest,yes,suspended,referral
U1972,male,1996-10-17,North Kellihaven,tablet,Spanish,2025-02-15 03:58:43,pending,no,active,organic
U1973,female,1966-07-19,Christineland,mobile,German,2025-04-15 16:48:54,pending,yes,suspended,paid
U1974,male,1980-07-11,East Joan,desktop,English,2025-04-26 01:16:38,guest,no,suspended,email
U1975,male,2002-02-08,East Alison,mobile,German,2025-03-04 03:05:27,guest,no,active,social
U1976,male,1961-06-02,Lake Michaelmouth,mobile,English,2025-05-02 11:02:30,registered,no,active,referral
U1977,male,1991-04-08,Amyberg,mobile,French,2025-05-14 17:15:44,registered,yes,active,organic
U1978,female,1971-07-10,Welchshire,tablet,German,2025-04-24 11:08:29,guest,no,inactive,social
U1979,female,1995-02-04,Reginafort,mobile,French,2025-05-14 19:02:08,guest,yes,suspended,referral
U1980,other,1974-12-06,South Kylechester,mobile,French,2025-03-21 10:47:18,guest,yes,inactive,organic
U1981,female,1970-01-26,Alexhaven,desktop,English,2025-02-25 11:12:22,registered,yes,active,paid
U1982,female,1982-11-16,Taylortown,desktop,English,2025-05-05 12:34:03,registered,no,inactive,social
U1983,male,1991-12-09,Albertchester,desktop,French,2025-03-27 21:07:05,pending,yes,active,email
U1984,female,2000-02-06,Port Adrian,desktop,French,2025-04-12 13:18:24,registered,no,active,referral
U1985,male,1972-04-21,Khanchester,tablet,English,2025-04-16 15:40:40,pending,yes,suspended,social
U1986,female,1976-06-24,Lake Jillian,mobile,Spanish,2025-04-15 16:14:31,registered,no,suspended,social
U1987,male,1985-03-22,West Christian,mobile,French,2025-03-17 12:26:20,guest,yes,inactive,referral
U1988,female,1994-08-18,Justinside,desktop,French,2025-03-23 04:48:05,registered,yes,active,social
U1989,male,1987-07-28,Port Casey,tablet,Spanish,2025-02-25 12:42:50,pending,no,active,email
U1990,female,1979-03-07,Lake Stanleymouth,tablet,German,2025-03-23 20:14:13,guest,no,suspended,referral
U1991,male,2007-02-21,Lopeztown,mobile,Spanish,2025-02-28 13:04:01,guest,no,active,referral
U1992,female,1962-11-07,East Teresaport,mobile,German,2025-03-23 06:32:24,pending,yes,active,paid
U1993,female,1967-12-25,Acostabury,tablet,Spanish,2025-02-16 12:20:54,registered,yes,active,social
U1994,male,1969-09-23,South Jeffchester,tablet,German,2025-03-31 12:03:09,pending,no,suspended,social
U1995,male,1993-05-22,Steventon,tablet,Spanish,2025-04-04 03:04:12,pending,no,suspended,social
U1996,male,1964-12-06,North Joseph,desktop,English,2025-04-16 04:49:04,pending,yes,active,referral
U1997,female,1964-05-01,Whiteview,desktop,Spanish,2025-04-14 02:16:46,registered,no,inactive,paid
U1998,male,1960-05-01,Port Jenniferfurt,desktop,Spanish,2025-04-26 00:20:51,registered,yes,active,organic
U1999,female,1976-04-17,East Stevenville,mobile,French,2025-05-11 04:41:03,registered,no,suspended,paid
